LON,LAT,EDO,CLAVE,ESTACION,sep-24
-102.309722,21.895,AGS,AGSAG,"Aguascalientes, Ags.",182.01
-102.676944,21.9975,AGS,CDRAG,"La Codorniz, Ags.",139.61
-101.992222,21.897778,AGS,CNSAG,"Los Conos, Ags.",173.81
-102.296667,22.362778,AGS,CSOAG,"Cosío, Ags.",152.02
-102.356944,22.121667,AGS,JCQAG,"Jocoque, Ags.",132.11
-102.788333,21.8075,AGS,MNLAG,"Media Luna, Ags.",114.63
-102.371667,21.78,AGS,NGRAG,"El Niágara, Ags.",134.52
-102.290556,21.850833,AGS,OBSAG,"Observatorio de Aguascalientes, Ags.",110.83
-102.465,22.189167,AGS,P50ANIV,"Presa Cincuenta Aniversario, Ags. SMN*",67
-102.279167,22.147222,AGS,PBLAG,"Pabellón, Ags.",143.2
-102.417222,22.141111,AGS,PECAG,"Plutarco Elías Calles, Ags.",97.6
-102.135,22.202778,AGS,PTOAG,"Puerto de la Concepción, Ags.",220.62
-102.4375,22.235,AGS,PTRAG,"Derivadora Pabellón, Ags.",63.7
-102.608611,22.269722,AGS,SIERRAFRIA,"Sierra Fría, Ags. SMN*",84.8
-116.204167,32.271944,BC,AGHBN,"Agua Hechicera, B.C.",0
-116.908333,32.444722,BC,ALRBN,"Abelardo L. Rodríguez, B.C.",0
-114.719167,29.727222,BC,CATAVINA,"Cataviña, B.C. SMN*",0
-115.921667,32.042222,BC,CONST1857,"Constitución de 1857, B.C. SMN*",0
-116.696944,32.479444,BC,CRRBN,"El Carrizo, B.C.",0
-116.828333,32.468056,BC,EFLBN,"El Florido, B.C.",0
-116.6025,31.890278,BC,ELZBN,"Emilio López Zamora, B.C.",0.02
-115.931389,30.517222,BC,ENBBN,"San Quintín, B.C.",0
-115.15,32.411111,BC,ENLBN,"Observatorio de Ejido Nuevo León, B.C.",0
-116.302778,32.516389,BC,HNGBN,"El Hongo, B.C.",0
-115.1875,28.034444,BC,ISLACEDROSmar,"Isla Cedros, B.C. SEMAR*",0.26
-115.27,32.39,BC,MXCBN,"Mexicali, B.C.",0
-114.729444,32.703889,BC,PDMBN,"Presa derivadora Morelos, B.C.",0
-117.071389,32.3775,BC,PLAYAROSARITO,"Playa Rosarito, B.C. SMN*",0
-116.603333,31.891667,BC,PLOPEZZAMORA,"Presa Emilio López Zamora, B.C. SMN*",0
-116.205556,32.272222,BC,RUMOROSA,"La Rumorosa, B.C. SMN*",0
-114.85,31.033333,BC,SFLBN,"Observatorio de San Felipe, B.C.",0
-115.9375,30.531111,BC,SQNBN,"San Quintín, B.C. SMN*",0
-116.661667,32.568611,BC,TECATE,"Tecate, B.C. SMN*",0
-111.663611,25.009722,BCS,CCNBS,"Observatorio de Ciudad Constitución, B.C.S.",14.5
-109.424444,23.445278,BCS,CPULMO,"Cabo Pulmo, B.C.S. SMN*",12.6
-109.925833,22.8975,BCS,CSLBS,"Cabo San Lucas, B.C.S.",120
-113.457222,27.6425,BCS,DIAZORDAZBN,"Gustavo Diaz Ordaz, B.C.S. SMN*",0.4
-113.457778,27.643611,BCS,DORBS,"Díaz Ordaz, B.C.S.",0.02
-114.051944,27.963056,BCS,GNGBS,"Guerrero Negro, B.C.S.",0
-109.697222,23.680556,BCS,LBABS,"Los Barriles, B.C.S.",80.01
-110.366667,24.15,BCS,LPZBS,"Observatorio de La Paz, B.C.S.",2.31
-111.349167,26.011667,BCS,LRTBS,"Observatorio de Loreto, B.C.S.",0
-111.983056,26.896111,BCS,MLGBS,"Mulegé, B.C.S.",0
-111.829444,24.481111,BCS,PCORTESmar,"Puerto Cortés, B.C.S. SEMAR*",0
-109.934167,23.9675,BCS,PLNBS,"Los Planes, B.C.S.",54
-109.591389,23.593056,BCS,RBRBS,"La Ribera, B.C.S.",140.42
-110.059167,23.805,BCS,SANBS,"San Antonio, B.C.S.",97.3
-109.995,24.083889,BCS,SARBS,"El Sargento, B.C.S.",39.51
-109.843889,23.738333,BCS,SBABS,"San Bartolo, B.C.S.",101.5
-109.708333,23.118889,BCS,SJCBS,"San José del Cabo, B.C.S.",169
-109.998611,23.555556,BCS,SLAGUNA,"Sierra La Laguna, B.C.S. SMN*",45.8
-109.713611,23.490278,BCS,SNTBS,"Santiago, B.C.S.",104.5
-112.272778,27.337778,BCS,SRLBS,"Observatorio de Santa Rosalía, B.C.S.",0
-110.210556,23.478889,BCS,TSNBS,"Todos Santos, B.C.S.",20
-89.743889,20.003889,CAMP,BOLCA,"Bolonchen, Camp.",181
-90.575556,19.295,CAMP,CANCA,"Canasayab, Camp.",273.61
-91.761389,18.654167,CAMP,CARCA,"El Carmen, Camp.",114.13
-91.962778,20.203889,CAMP,CAYOARCASmar,"Cayo Arcas, Camp. SEMAR*",15.49
-90.72,19.361667,CAMP,CHMCA,"Champotón, Camp.",154.53
-90.558889,19.830556,CAMP,CMPCA,"Campeche, Camp.",202.62
-91.046111,18.183056,CAMP,CNDCA,"Candelaria, Camp.",57.05
-90.5075,19.836389,CAMP,COBCA,"Observatorio de Campeche, Camp.",161.3
-90.741111,18.604444,CAMP,ESCCA,"Escárcega, Camp.",172.61
-90.105556,20.184167,CAMP,HECCA,"Hecelchakán, Camp.",170
-89.848333,19.751944,CAMP,HPOCA,"Hopelchen, Camp.",397.06
-90.221389,19.605833,CAMP,NYXCA,"Noh Yaxché, Camp.",240
-92.098056,18.254722,CAMP,PALIZADACA,"Palizada, Camp. SMN*",107.2
-92.086944,18.253056,CAMP,PLZCA,"Palizada, Camp.",211
-91.175833,18.972778,CAMP,SBNCA,"Sabancuy, Camp.",215.01
-89.860278,19.664444,CAMP,XCPCA,"Xcupil, Camp.",244.3
-89.396111,18.502222,CAMP,XPJCA,"Xpujil, Camp.",63.5
-107.482778,28.481667,CHIH,AGZCH,"Abraham González, Chih.",0
-107.930833,30.376667,CHIH,CAGCH,"Observatorio de Nuevo Casas Grandes, Chih.",5.41
-106.84,28.396667,CHIH,CDCUAUHTEMOC,"Ciudad Cuauhtémoc, Chih. SMN*",16.8
-105.446944,28.210833,CHIH,CDLCH,"Ciudad Delicias, Chih.",19.01
-106.770556,26.229444,CHIH,CHNCH,"Chinatú, Chih. SMN*",80.4
-106.400278,31.736667,CHIH,CJZCH,"Ciudad Juárez, Chih.",6
-105.381667,27.410278,CHIH,CL2CH,"Colina hidrométrica, Chih.",67.51
-108.541667,27.416667,CHIH,CNDCH,"Chínipas, Chih.",12
-107.633333,27.75,CHIH,CRLCH,"Creel, Chih.",22.2
-105.628889,28.166111,CHIH,FIMCH,"Las Vírgenes, Chih.",19
-107.072222,26.816667,CHIH,GCCCH,"Guachochi, Chih. SMN*",64
-108.3,29.2,CHIH,GPCCH,"Guapoca, Chih.",1.2
-108.427222,30.838889,CHIH,JANOS,"Janos, Chih. SMN*",1.6
-105.414167,27.544722,CHIH,LBQCH,"La Boquilla, Chih.",64.51
-107.025833,29.88,CHIH,LJSCH,"Las Lajas, Chih.",12
-105.28,28.984444,CHIH,LLNCH,"El Granero, Chih.",73.01
-107.994167,27.858611,CHIH,MAGCH,"Maguarichi, Chih. SMN*",1.78
-106.486111,28.803333,CHIH,MAJALCA,"Cumbres de Majalca, Chih. SMN*",9.8
-104.410833,29.565,CHIH,OJNCH,"Ojinaga, Chih.",49
-105.254167,26.546389,CHIH,PAGCH,"Pico del Aguila, Chih.",71
-105.280833,28.95,CHIH,PGRANERO,"Presa el Granero, Chih. SGT*",64
-105.675556,26.917778,CHIH,PRRCH,"Observatorio de Parral, Chih.",90.41
-106.085556,28.656944,CHIH,QIJCH,"Observatorio de Chihuahua, Chih.",12.8
-107.85,28.95,CHIH,TMCCH,"Observatorio de Temósachic, Chih.",31.8
-107.384167,29.5625,CHIH,TNTCH,"El Tintero, Chih.",8.01
-107.9125,27.216667,CHIH,URECH,"Urique, Chih.",42.8
-105.16,26.738611,CHIH,VICCH,"Villa Coronado, Chih.",101.01
-92.804167,16.552778,CHIS,ACACP,"Acala, Chis.",140.7
-92.034722,16.737778,CHIS,ALTAMIRANO,"Altamirano, Chis. SGT*",235.6
-92.778889,16.401389,CHIS,ANGCP,"Doctor Belisario Domínguez, Chis.",162.2
-93.8975,16.241111,CHIS,AROCP,"Observatorio de Arriaga, Chis.",643.12
-92.874722,17.189444,CHIS,ARROYOGRANDE,"Arroyo Grande, Chis. SGT*",223.8
-93.427222,17.253611,CHIS,AZAPACCFE,"Aza Pac, Chis. CFE*",232.4
-93.026389,16.9525,CHIS,BOMBANA,"Bombana, Chis. SGT*",259.8
-93.15,16.641944,CHIS,BOQCP,"Boquerón, Chis.",318.8
-92.731389,15.365556,CHIS,CACCP,"Cacaluta, Chis.",689
-92.479167,16.308333,CHIS,CASCP,"Cascajal, Chis.",283.2
-92.618056,16.963333,CHIS,CHALCHIHUITAN,"Chalchihuitán, Chis. SGT*",539.4
-93.131389,17.341389,CHIS,CHAPULTENANGO,"Chapultenango, Chis. SGT*",545.3
-92.715556,16.578056,CHIS,CHIAPILLA,"Villa de Chiapilla, Chis. SGT*",123.6
-92.281389,15.750278,CHIS,CHICOMUSELO,"Chicomuselo, Chis. SGT*",222.8
-93.100556,16.941667,CHIS,CHICP,"Manuel Moreno Torres, Chis.",252.61
-92.283333,15.75,CHIS,CHMCP,"Chicomuselo, Chis.",457.5
-93.466944,16.441389,CHIS,COBREGONCFE,"Cristóbal Obregón, Chis. CFE*",47.5
-92.1,16.2,CHIS,COOCP,"Observatorio de Comitán, Chis.",134.6
-93.906111,16.2425,CHIS,CREDARRIAGA,"Cred Arriaga, Chis. PC*",441.42
-93.741389,16.671667,CHIS,CREDCINTALAPA,"Cred Cintalapa, Chis. PC*",120.1
-92.135556,16.224444,CHIS,CREDCOMITAN,"Cred Comitan, Chis. PC*",105.68
-92.113056,15.435833,CHIS,CUILCOCFE,"Cuilco, Chis. CFE*",107.4
-92.864444,16.038611,CHIS,CUXTEPEQUESCFE,"Cuxtepeques, Chis. CFE*",156.5
-92.938056,15.881944,CHIS,CUXTEPEQUESHM,"Finca Cuxtepeques hidrométrica, Chis. SGT*",289.8
-92.575,15.204167,CHIS,DESCP,"Despoblado, Chis.",740.8
-92.925278,16.108333,CHIS,DORADOCFE,"El Dorado, Chis. CFE*",406.1
-92.590833,16.686111,CHIS,ELAGUAJE,"El Aguaje, Chis. SGT*",151.6
-92.828611,16.787778,CHIS,ELBURRERO,"El Burrero, Chis. SGT*",313.1
-92.95,15.495833,CHIS,ELNCP,"El Novillero, Chis.",423.7
-92.808056,15.656667,CHIS,ELTRIUNFO,"El Triunfo, Chis. SMN*",514.8
-92.755278,15.071111,CHIS,ENCRUCIJADA,"La Encrucijada, Chis. SMN*",211.4
-92.829444,17.373056,CHIS,ESCALONCP,"El Escalón, Chis. SGT*",440.1
-92.666667,15.316667,CHIS,ESCCP,"Escuintla, Chis.",894.6
-93.342222,17.216667,CHIS,EZAPATACFE,"Emiliano Zapata, Chis. CFE*",331.1
-92.299167,15.126667,CHIS,FARCP,"Finca Argovia, Chis.",817.1
-92.325278,15.173889,CHIS,FHACP,"Finca Hamburgo, Chis.",788.25
-92.918333,17.441389,CHIS,FIMADERO,"Francisco I. Madero, Chis. SGT*",100.66
-92.476111,15.346667,CHIS,FPZCP,"Finca la Paz, Chis.",656.5
-93.125,16.975,CHIS,GRICP,"Grijalva, Chis.",241.1
-92.402778,14.997222,CHIS,HUECP,"Huehuetán, Chis.",533.8
-92.472222,15.133333,CHIS,HUICP,"Huixtla, Chis.",821.9
-92.454167,16.712778,CHIS,HUIXTAN,"Huixtán, Chis. SGT*",97.4
-93.381389,17.364167,CHIS,JDGCP,"Juan de Grijalva, Chis.",454.2
-93.381389,17.364167,CHIS,JGRIJALVACFE,"Túneles Juan de Grijalva, Chis. CFE*",454.2
-92.898611,15.996389,CHIS,JSBCP,"Juan Sabines, Chis.",429.6
-90.702222,16.580833,CHIS,LACCP,"Lacantún, Chis.",146.3
-92.715556,16.887778,CHIS,LARRAINZAR,"Larrainzar, Chis. SGT*",213.4
-93.561111,16.695833,CHIS,LFLCP,"Las Flores, Chis.",307
-93.598889,17.178611,CHIS,MALCP,"Nezahualcóyotl, Chis.",247.04
-92.883333,15.45,CHIS,MAPCP,"Mapastepec, Chis.",659.9
-92.673889,17.185556,CHIS,MOJOSTIC,"Mojostic, Chis. SGT*",233.7
-93.384444,16.0675,CHIS,MONTERREYCFE,"Monterrey, Chis. CFE*",367.4
-92.2675,15.333333,CHIS,MOTOZINTLA,"Motozintla, Chis. SGT*",200.7
-93.150556,17.220556,CHIS,OCOCP,"Ocotepec, Chis.",370.6
-91.968056,15.848611,CHIS,PCOCP,"Puente Concordia, Chis.",566.8
-93.458611,17.446111,CHIS,PENCP,"Angel Albino Corzo, Chis.",605.2
-93.216667,15.691667,CHIS,PIJCP,"Pijijiapan, Chis.",422.6
-91.990278,17.525833,CHIS,PLQCP,"Palenque, Chis. SMN*",506.2
-92.649167,16.725278,CHIS,PTEMORELOS,"Puente Morelos, Chis. SGT*",254.6
-92.618056,16.7475,CHIS,QUIOSCO,"Quiosco, Chis. SGT*",255.8
-92.666667,15.916667,CHIS,REFCP,"Reforma, Chis.",262.8
-93.030278,17.413333,CHIS,REFUGIOCP,"El Refugio, Chis. SGT*",412.9
-93.079167,16.158333,CHIS,REVCP,"Revolución Mexicana, Chis.",302.2
-93.989722,16.470833,CHIS,RSACP,"Rosendo Salazar, Chis.",213.8
-92.35,17.566667,CHIS,SAACP,"Salto de Agua, Chis.",400.6
-92.104167,15.031667,CHIS,SANTODOMINGO,"Santo Domingo, Chis. Protección Civil*",670.47
-93.383333,17.425,CHIS,SAYCP,"Sayula, Chis.",583.1
-92.603056,16.727222,CHIS,SCCASASCFE,"San Cristóbal de las Casas, Chis. CFE*",189.1
-92.633333,16.733333,CHIS,SCOCP,"Observatorio de San Cristóbal, Chis.",265.2
-92.616667,16.741667,CHIS,SCRCP,"Puente Morelos, Chis.",207.5
-93.056389,16.4525,CHIS,SDOCP,"Santo Domingo, Chis.",236.81
-93.085,17.561111,CHIS,SJOCP,"San Joaquín, Chis.",407.5
-93.591111,16.152222,CHIS,SMORENACFE,"Sierra Morena, Chis. CFE*",278.4
-92.820833,16.938889,CHIS,SNACP,"Santa María, Chis.",226.9
-92.731389,17.035556,CHIS,SPNICHTALUCUM,"San Pedro Nichtalucum, Chis. SGT*",589
-92.148889,14.698611,CHIS,SUCHIATE,"Suchiate, Chis. SGT*",346.7
-93.034167,16.742778,CHIS,SUMIDEROCFE,"Cañón del Sumidero, Chis. CFE*",148.7
-93.244722,17.494167,CHIS,SUNUAPA,"Sunuapa, Chis. SGT*",454.9
-92.243333,14.99,CHIS,TAMCP,"Malpaso 2, Chis.",832.8
-92.260556,14.908056,CHIS,TAPCP,"Tapachula, Chis.",829.3
-93.529167,15.875,CHIS,TPICP,"Tres Picos, Chis.",326
-93.577778,16.227222,CHIS,TRESPICOSCFE,"Tres Picos, Chis. CFE*",262.1
-93.1,16.761944,CHIS,TUXCP,"Tuxtla Oriente, Chis.",259.9
-93.086111,16.761667,CHIS,TUXTLACFE,"Tuxtla, Chis. CFE*",353.6
-93.133333,16.75,CHIS,TXOCP,"Observatorio de Tuxtla Gutiérrez, Chis.",291.6
-93.068056,16.716944,CHIS,TXZCP,"Tuxtla Gutiérrez Zoomat, Chis.",268
-93.5375,17.283333,CHIS,TZICP,"Tzimbac, Chis.",269.1
-92.909722,17.178333,CHIS,UNIVERSIDADLIND,"Universidad Lindavista, Chis. SMN*",174.66
-92.147222,15.091111,CHIS,VTACANA,"Volcán Tacaná, Chis. SMN*",7.9
-93.330556,17.116667,CHIS,YAMCP,"Yamonhó, Chis.",219.71
-100.837222,28.344444,COAH,ADLCL,"Allende, Coah.",111.18
-101.057222,29.446944,COAH,AMSCL,"Internacional La Amistad, Coah.",52.3
-100.929722,25.561111,COAH,ARACL,"Ramos Arizpe Aeropuerto, Coah.",122.01
-101.116667,29.15,COAH,CBRCL,"Cabeceras, Coah.",78
-102.064444,26.983333,COAH,CCGCL,"Cuatro Ciénegas, Coah.",38.5
-100.950278,29.327778,COAH,CDACL,"Ciudad Acuña, Coah.",125
-100.661111,26.844444,COAH,CDLCL,"Candela, Coah.",46.53
-100.95,29.213611,COAH,CNTCL,"El Centenario, Coah.",84
-103.469167,25.542222,COAH,CYTCL,"Coyote, Coah.",80.52
-100.920833,25.436111,COAH,ESLCL,"Secretaría de Agricultura Saltillo, Coah.",153.23
-100.832222,28.82,COAH,LFGCL,"La Fragua, Coah.",54.65
-103.283889,25.068056,COAH,LFLDR,"La Flor, Coah.",4.41
-103.266667,25.766667,COAH,MADCL,"Madero, Coah.",24.03
-101.4225,26.908333,COAH,MCVCL,"Observatorio de Monclova, Coah.",68.4
-101.711389,28.013056,COAH,MORELOSMUZQUIZ,"Morelos Múzquiz, Coah. SMN*",198.6
-100.5325,28.706667,COAH,PNGCL,"Observatorio de Piedras Negras, Coah.",139.6
-101.213056,28.399444,COAH,SANTACECILIA,"Santa Cecilia, Coah. SMN*",0
-101.122778,27.846667,COAH,SBNCL,"Sabinas, Coah.",145.5
-100.953889,29.034167,COAH,SMGCL,"San Miguel, Coah.",79
-103.699722,27.285278,COAH,SMJCL,"Sierra Mojada, Coah.",97
-102.979444,25.7575,COAH,SPECL,"San Pedro, Coah.",45.5
-101.016667,25.376389,COAH,STOCL,"Saltillo, Coah.",53.91
-103.45,25.541667,COAH,TORCL,"Observatorio de Torreón, Coah.",81.7
-100.616111,27.515,COAH,VCRCL,"Venustiano Carranza, Coah.",185.52
-103.613056,19.2475,COL,BVSCM,"Buenavista, Col.",355.54
-103.725556,18.758611,COL,CDOCM,"Cerro de Ortega, Col.",386.25
-103.702778,19.295,COL,CHNCM,"El Chanal, Col.",372.22
-103.757222,19.3175,COL,CMLCM,"Comala, Col.",316.81
-103.804167,19.2125,COL,CQMCM,"Coquimatlán, Col.",190.23
-103.6,19.325,COL,CUACM,"Cuauhtémoc, Col.",220.7
-103.884444,19.111389,COL,DJLCM,"P. deriv. Gregorio T. Q. Jala, Col.",200.66
-110.953611,18.726667,COL,ISOCORROmar,"Isla Socorro, Col. SEMAR*",48
-103.866389,19.17,COL,LAECM,"La Esperanza, Col.",185.5
-103.774167,18.809167,COL,LDACM,"Laguna de Amela, Col.",450.45
-103.725278,19.223333,COL,LPSCM,"La Posta, Col.",129.5
-104.057778,19.391667,COL,MINATITLAN,"Minatitlán, Col. SMN*",242.1
-104.318611,19.044444,COL,MNZCM,"Observatorio de Manzanillo, Col.",399.53
-103.8125,19.3275,COL,PNTCM,"P. deriv. Peñitas, Col.",192.49
-104.100556,18.938611,COL,RDRCM,"Radar, Col.",466.41
-103.700833,19.408333,COL,SCHCM,"Suchitlán, Col.",551.5
-103.867778,18.911667,COL,TCMCM,"Tecomán, Col.",260.04
-103.663333,19.2775,COL,TRPCM,"Trapiche, Col.",281.02
-99.210278,19.218611,DF,AJSDF,"Ajusco, Cd. de Méx.",284.01
-99.235278,19.203333,DF,AJUSCOALTATEN,"Ajusco Alta Tensión, Cd. de Méx. SACMéx.",268.75
-99.197222,19.388611,DF,CAJA6IPSAYP,"Caja 6 IP San Antonio y Periferico, Cd. de Méx. SACMéx.",170.5
-99.180556,19.346667,DF,CCUDF,"Universidad, Cd. de Méx.",184.01
-98.999444,19.357222,DF,CDMDF,"Cárcel de Mujeres, Cd. de Méx.",110.27
-99.1125,19.407778,DF,CDVDF,"Ciudad Deportiva, Cd. de Méx.",163.32
-99.1375,19.516667,DF,CEADF,"Campamento Amealco, Cd. de Méx.",128.82
-99.021667,19.256111,DF,CERRILLOS,"Cerrillos, Cd. de Méx. SACMéx.",102.5
-99.208333,19.155556,DF,CFSDF,"Caseta Forestal, Cd. de Méx.",238.5
-99.047222,19.442222,DF,CHAPLAGO,"Planta de bombeo Churubusco Lago, Cd. de Méx. SACMéx.",33.77
-99.1375,19.469722,DF,CMTDF,"Avenida Cien Metros, Cd. de Méx.",153.68
-99.183333,19.486389,DF,CMYDF,"Campamento Mecoaya, Cd. de Méx.",159.24
-99.077778,19.4775,DF,CRAEOCAVM,"San Juan de Aragón (CRAE OCAVM), Cd. de Méx. SACMéx.",104.75
-99.196111,19.406389,DF,CTMDF,"Observatorio de Tacubaya, Cd. de Méx.",169.62
-99.09,19.190278,DF,CTNDF,"San Salvador Cuauhtenco, Cd. de Méx.",214.57
-99.09,19.484167,DF,CYLDF,"Coyol, Cd. de Méx.",110.6
-99.205,19.3,DF,DATDF,"Desviación Alta, Cd. de Méx.",126
-99.131389,19.431111,DF,DDFDF,"Gobierno de la Ciudad de México, Cd. de Méx.",157.5
-99.309167,19.313333,DF,DTLDF,"Desierto de los Leones, Cd. de Méx.",387.22
-99.151944,19.300556,DF,EAZDF,"Estadio Azteca, Cd. de Méx.",192.75
-99.073056,19.288611,DF,ELMOLINOCDMX,"El Molino, Cd. de Méx. SACMéx.",127.5
-99.066667,19.377778,DF,EMRDF,"El Moral SACM, Cd. de Méx.",34.79
-99.286389,19.3625,DF,EYQDF,"El Yaqui, Cd. de Méx.",371.38
-99.352222,19.295,DF,EZCDF,"El Zarco, Méx.",407.25
-99.091667,19.478056,DF,GCNDF,"km 6+250, Cd. de Méx.",153.2
-99.2625,19.308056,DF,HYTDF,"Huayatla, Cd. de Méx.",359
-98.975,19.339167,DF,LACALDERA,"La Caldera Subestación eléctrica Santa Lucía, Méx. SACMéx.",104.25
-99.066667,19.377778,DF,LU4DF,"Lumbrera Cuatro Ríos (El Moral), Cd. de Méx.",102.6
-99.133889,19.403333,DF,MCRDF,"Marcos Carrillo, Cd. de Méx.",138.52
-99.026944,19.187222,DF,MILPAALTADF,"Milpa Alta, Cd. de Méx. SACMéx.",151.79
-99.026944,19.187222,DF,MLPDF,"Milpa Alta, Cd. de Méx.",125.73
-99.120556,19.150556,DF,MTULMIAC,"Manantial Tulmiac, Cd. de Méx. SACMéx.",309.25
-99.233056,19.187778,DF,MZTDF,"Planta Abasolo (Mezontepec), Cd. de Méx.",229.75
-99.096389,19.316389,DF,OCSDF,"Organismo de Cuenca Aguas del Valle de Mécico Sur, Cd. de Méx.",108.52
-99.100278,19.379167,DF,PBADF,"Planta de bombeo Aculco, Cd. de Méx.",117.58
-99.057778,19.433333,DF,PBCDF,"Planta de bombeo Churubusco Lago, Cd. de Méx.",31.99
-99.119444,19.486667,DF,PBLDF,"Planta de bombeo Lindavista, Cd. de Méx.",164.29
-99.037778,19.38,DF,PBODF,"Planta de bombeo U.H. Ejército de Oriente, Cd. de Méx.",17.02
-99.170556,19.435556,DF,PBTDF,"Planta de bombeo Tizoc, Cd. de Méx.",162.32
-99.2,19.413056,DF,PCHDF,"Planta Chapultepec, Cd. de Méx.",212.33
-99.097222,19.455833,DF,PGNDF,"Planta Generadora 101, Cd. de Méx.",174.63
-99.209444,19.308611,DF,PICACHOAJUSCO,"Planta Pichacho Ajusco Periférico, Cd. de Méx. SACMéx.",195.75
-99.219444,19.285278,DF,PICACHOHOMUN,"Picacho Homun, Cd. de Méx. SACMéx.",227.75
-99.076389,19.336944,DF,PLEDF,"Planta de Tratamiento Cerro de La Estrella, Cd. de Méx.",130.42
-99.068333,19.420278,DF,PLMDF,"Planta de bombeo López Mateos, Cd. de Méx.",122
-99.126389,19.365278,DF,PMLDF,"Planta de bombeo Municipio Libre, Cd. de Méx.",195.5
-99.090833,19.246389,DF,PNTDF,"Planta Nativitas, Cd. de Méx.",177.12
-99.177222,19.328889,DF,POZOCU,"Pozo C.U., Cd. de Méx. SACMéx.",0.75
-99.235556,19.423611,DF,PRESAMIXCOAC,"Presa Mixcoac, Cd. de Méx. SACMéx.",435
-99.154444,19.513056,DF,PRMDF,"Planta de Tratamiento Río de La Magdalena, Cd. de Méx.",370.05
-99.154444,19.513056,DF,PRRDF,"Planta de Tratamiento Río Remedios, Cd. de Méx.",162.61
-99.023056,19.299167,DF,PSCDF,"Planta de Tratamiento Santa Catarina, Cd. de Méx.",105.26
-99.05,19.233333,DF,PSLDF,"Planta San Luis, Cd. de Méx.",167.7
-99.163889,19.468889,DF,PSNDF,"Planta de bombeo Nueva Santa María, Cd. de Méx.",5.25
-99.171111,19.263056,DF,PSPDF,"Pueblo San Pedro Mártir, Cd. de Méx.",235.84
-99.059444,19.225278,DF,PTARSPACTOPAN,"PTAR San Pedro Actopan, Cd. de Méx. SACMéx.",117.25
-99.190278,19.509167,DF,PTRDF,"Planta de Tratamiento Rosario, Cd. de Méx.",197.08
-99.126111,19.285833,DF,PVCDF,"Planta de bombeo Villa Coapa, Cd. de Méx.",153.74
-99.143056,19.331944,DF,PXTDF,"Planta de bombeo Xotepingo, Cd. de Méx.",247.53
-99.194167,19.296111,DF,RBTDF,"Rebombeo Bosque de Tlalpan, Cd. de Méx.",232.61
-99.17,19.4,DF,RCMDF,"Radio Comunicación, Cd. de Méx.",193.5
-99.129444,19.237222,DF,RECLUSORIOSUR,"Pozo reclusorio Sur, Cd. de Méx. SACMéx.",195.75
-99,19.166667,DF,SANDF,"Santa Ana, Cd. de Méx.",127.5
-99.028889,19.338333,DF,SCMDF,"Rebombeo La Quebradora (Santa Cruz Meyehualco), Cd. de Méx.",106.45
-99.122222,19.572222,DF,SGDDF,"Sierra Guadalupe, Cd. de Méx.",210.5
-99.066667,19.466667,DF,SJADF,"San Juan de Aragón, Cd. de Méx.",138.57
-99.176389,19.206389,DF,SMTOPILEJO,"San Miguel Topilejo, Cd. de Méx. SACMéx.",204.5
-99.17,19.262778,DF,SPEDROMARTIR,"San Pedro Mártir, Cd. de Méx. SACMéx.",235.84
-99.009722,19.281389,DF,SPPDF,"San Pedro Tláhuac, Cd. de Méx.",119.93
-98.960556,19.320833,DF,SSCDF,"La Caldera Subestación eléctrica Santa Lucía, Méx.",0
-99.1425,19.556111,DF,TCMDF,"Tanque Chalmita, Cd. de Méx.",207.39
-99.272222,19.373056,DF,TECDF,"Tanque el Cartero, Cd. de Méx.",315.95
-99.246389,19.333889,DF,TELDF,"Tanque el Lienzo, Cd. de Méx.",220.72
-99.000556,19.275,DF,TEQUESQUITE,"San José Tlahuac RB Tequesquite, Cd. de Méx. SACMéx.",0
-99.098889,19.385556,DF,TEZDF,"Tezontle, Cd. de Méx. SMN*",101.86
-99.211667,19.399167,DF,TNGDF,"Triángulo, Cd. de Méx.",221.48
-99.135833,19.199444,DF,TPJDF,"Topilejo, Cd. de Méx.",244.87
-99.084722,19.440833,DF,TPNDF,"Tanque Peñón, Cd. de Méx.",140.06
-99.2125,19.361944,DF,TRGDF,"Tarango, Cd. de Méx.",231.25
-99.248611,19.316667,DF,TSFDF,"Tanque San Francisco, Cd. de Méx.",239.35
-99.228611,19.436389,DF,TSJDF,"Tanque San Joaquín, Cd. de Méx.",211.27
-99.264444,19.359722,DF,TSLDF,"Santa Fe (Santa Lucía), Cd. de Méx.",374.07
-99.245833,19.274167,DF,ZACATON,"Zacatón, Cd. de Méx. SACMéx.",281.75
-104.810278,24.538333,DGO,CBRDR,"Caboraca, Dgo.",117.02
-104.121111,24.4375,DGO,CGVDR,"Ciudad Guadalupe Victoria, Dgo.",34.51
-103.521667,25.533333,DGO,CLRDR,"Ciudad Lerdo, Dgo.",59.8
-103.698889,24.871944,DGO,CNCDR,"Cuencamé, Dgo.",16.03
-104.782778,24.518333,DGO,CNTDR,"Canatlán, Dgo.",49.2
-104.666667,24.033333,DGO,DRGDR,"Durango, Dgo.",42.02
-103.960833,24.001667,DGO,FVLDR,"Francisco Villa, Dgo.",140.02
-103.773611,25.270833,DGO,FZRDR,"Francisco Zarco, Dgo.",24.53
-104.753056,23.961111,DGO,GVCDR,"Presidente Guadalupe Victoria, Dgo.",174.61
-103.983333,26.549722,DGO,LAFLOR,"La Flor de Jimulco, Dgo. SMN*",57.8
-99.170556,19.286944,DGO,LAJOYACDMX,"La Joya, Cd. de Méx. SACMéx.",247
-104.75,23.516667,DGO,LBYDR,"Las Bayas, Dgo.",171.8
-105.015833,25.594167,DGO,LCRDR,"Lázaro Cárdenas, Dgo.",39.94
-106.7,25.35,DGO,LHRDR,"La Huerta, Dgo.",48.5
-105.466111,24.185833,DGO,LVEDR,"Las Vegas, Dgo. SMN*",1
-103.85,25.816667,DGO,MPMDR,"Mapimí, Dgo.",202.01
-105.0475,23.899167,DGO,NAVDR,"Navíos Viejos, Dgo.",162.8
-104.656667,24.203889,DGO,PAGDR,"Peña del Aguila, Dgo.",114.03
-105.443056,25.225,DGO,SACDR,"Salomé Acosta, Dgo.",133.51
-104.675833,23.874444,DGO,SBYDR,"Santiago Bayacora, Dgo.",103.01
-104.054444,23.623056,DGO,SELDR,"Santa Elena, Dgo.",88
-105.560833,26.436667,DGO,SGBDR,"San Gabriel, Dgo.",57
-105.566667,26.084444,DGO,SRDDR,"Sardinas, Dgo.",31.06
-106.538056,24.702222,DGO,TDRDR,"El Tule del Real, Dgo.",41.4
-102.785,24.563056,DGO,TGRDR,"El Tigre, Dgo.",2
-103.441667,26.1125,DGO,THODR,"Tlahualilo, Dgo.",55.01
-105.725,25.341111,DGO,TLHDR,"Observatorio de Tepehuanes, Dgo.",68.4
-106.975,24.933333,DGO,TMZDR,"Tamazula, Dgo.",113.53
-103.979722,23.737778,DGO,VGCDR,"Vicente Guerrero, Dgo.",34.51
-104.928889,26.2425,DGO,VHGDR,"Villa Hidalgo, Dgo.",80
-105.506111,26.447778,DGO,VOCDR,"Villa Ocampo, Dgo.",62.01
-99.906667,16.849722,GRO,ACAGR,"Acapulco, Gro.",1616.7
-99.516944,17.576389,GRO,AERGR,"Observatorio de Chilpancingo Aeropuerto, Gro.",641
-100.5175,18.075833,GRO,AFIGR,"Andrés Figueroa, Gro.",226.3
-98.975278,17.719722,GRO,AHUGR,"Ahuacuotzingo, Gro.",276.4
-99.104722,18.106944,GRO,ATENANGOCFE,"Atenango del Río, Gro. CFE*",102.21
-100.433333,17.210278,GRO,ATYGR,"Atoyac, Gro.",601.3
-99.400833,18.459444,GRO,BVSGR,"Buena Vista, Gro.",446
-100.664444,18.359444,GRO,CALGR,"Ciudad Altamirano, Gro.",302
-99.701111,17.672222,GRO,CCHGR,"Chichihualco, Gro.",255
-100.089444,17.008889,GRO,CDBGR,"Coyuca de Benítez, Gro.",378.1
-99.5,17.545278,GRO,CHIGR,"Chilpancingo, Gro.",672.4
-99.5,17.55,GRO,CHILPANCINGOob,"Observatorio de Chilpancingo, Gro. SMN*",214
-99.175833,17.608611,GRO,CHLGR,"Chilapa, Gro.",487
-98.411944,16.47,GRO,CNLGR,"Cuajinicuilapa, Gro.",649.5
-99.995556,17.947778,GRO,ECAGR,"Ing. Carlos Ramírez Ulloa, Gro.",329.72
-99.589722,17.157778,GRO,ELPUENTECFE,"El Puente, Gro. CFE*",873.6
-99.516667,17.233333,GRO,EOCGR,"El Ocotito, Gro.",464
-99.332778,18.3025,GRO,HTZGR,"Huitzuco, Gro.",305.1
-99.55,18.349722,GRO,IGLGR,"Iguala, Gro.",291.5
-98.513333,17.6225,GRO,IXTGR,"Ixcateopan de Tlapa, Gro.",350.1
-99.233611,16.758333,GRO,LASVIGASGRO,"Las Vigas, Gro. SMN*",1265.6
-101.003056,18.418611,GRO,LCLGR,"La Calera, Gro.",67
-99.369167,17.471111,GRO,MCHGR,"Mochitlán, Gro.",532.5
-99.799722,16.8,GRO,ODAGR,"Observatorio de Acapulco, Gro.",616.8
-99.5,17.6,GRO,ODZGR,"Observatorio de Zumpango, Gro.",364
-98.735,17.777222,GRO,OLNGR,"Olinalá, Gro.",244.1
-98.433333,16.683333,GRO,OMEGR,"Ometepec, Gro.",809.1
-98.888333,18.020833,GRO,PAPALUTLACFE,"Papalutla, Gro. CFE*",130.9
-99.45,17.483333,GRO,PETGR,"Petaquillas, Gro.",516.1
-98.500556,16.655833,GRO,QTZGR,"Quetzala, Gro.",952
-100.478611,18.171944,GRO,SCRISTOBALCFE,"San Cristóbal, Gro. CFE*",420.8
-100.472778,17.139444,GRO,SJEGR,"San Jerónimo, Gro.",673.3
-99.516944,17.920833,GRO,SJTETELCINGOCFE,"San Juan Tetelcingo, Gro. CFE*",326.53
-99.605278,18.554444,GRO,TAXGR,"Taxco, Gro.",468.1
-99.526389,17.1675,GRO,TCOGR,"Tierra Colorada, Gro.",212.9
-99.976389,17.789722,GRO,TLAGR,"Tlacotepec, Gro.",301.3
-98.6,17.5,GRO,TLPGR,"Tlapa, Gro.",180.5
-99.399444,17.568056,GRO,TXTGR,"Tixtla, Gro.",427.1
-100.265833,18.382778,GRO,VGRGR,"Vicente Guerrero, Gro.",440
-99.466111,18.295833,GRO,VTRGR,"Valerio Trujano, Gro.",219.6
-98.488333,17.903889,GRO,XXHGR,"Xochihuehuetlán, Gro.",116
-101.548889,17.645278,GRO,ZHTGR,"Zihuatanejo, Gro.",637.9
-101.536667,20.446944,GTO,ABSGJ,"Abasolo, Gto.",107.41
-100.712222,20.0325,GTO,ACNGJ,"Acámbaro, Gto.",125.08
-100.5825,20.553889,GTO,AMCGJ,"Ameche, Gto.",95.25
-101.370833,20.712778,GTO,ANSGJ,"Arandas, Gto.",115.1
-100.620833,20.454167,GTO,APSGJ,"Apaseo el Alto, Gto.",164.06
-101.625556,20.499167,GTO,ATBGJ,"Agua Tibia, Gto.",193
-100.816667,20.833333,GTO,BEGGJ,"La Begoña hidrométrica, Gto.",87.74
-101.838333,21.048611,GTO,BRRGJ,"El Barrial, Gto.",90.91
-100.816667,20.536389,GTO,CLYGJ,"Celaya, Gto.",135
-100.363333,20.198333,GTO,CORGJ,"Coroneo, Gto.",115.7
-101.666667,20.616667,GTO,CRMGJ,"Cuerámaro, Gto.",220.1
-100.9,20.95,GTO,CSRGJ,"Cinco Señores, Gto.",68.74
-101.666667,21.191667,GTO,CSSGJ,"Los Castillos, Gto.",87.32
-101.6675,21.195556,GTO,CSTGJ,"Los Castillos, Gto.",87.32
-101.835278,21.05,GTO,EBAGJ,"El Barrial, Gto.",79.41
-100.9,20.279722,GTO,ECBGJ,"El Cubo, Gto.",178.06
-101.244444,20.872222,GTO,ECHGJ,"El Chapín, Gto.",144.36
-101.37,20.715833,GTO,ECNGJ,"El Conejo, Gto.",115.1
-101.678889,21.173611,GTO,EPLGJ,"El Palote, Gto.",72.51
-101.996667,20.800556,GTO,FRIAS,"Frías, Gto. Protección Civil*",27.43
-101.7425,20.439167,GTO,GLNGJ,"La Golondrina, Gto.",249.01
-101.266111,21.014167,GTO,GTOGJ,"Observatorio de Guanajuato, Gto.",126.02
-100.825833,20.848056,GTO,IALGJ,"Ignacio Allende, Gto.",181.48
-101.35,20.683333,GTO,IRPGJ,"Irapuato, Gto.",144.25
-101.844167,20.675278,GTO,LADGJ,"Las Adjuntas, Gto.",137.61
-101.073056,20.286944,GTO,LDYGJ,"Laguna de Yuriria, Gto.",153.51
-101.693333,21.136389,GTO,LENGJ,"León, Gto.",109.02
-100.883611,20.398333,GTO,LGVGJ,"Presa la Gavia, Gto.",203
-101.358889,20.276111,GTO,LJIGJ,"Las Jícamas, Gto.",94
-101.107778,21.324167,GTO,LQMGJ,"La Quemada, Gto.",82
-100.501944,21.223611,GTO,MINERALPOZOS,"Mineral de Pozos, Gto. Protección Civil*",52.92
-101.48,21.65,GTO,OCMGJ,"Ocampo, Gto.",86
-101.111389,20.5225,GTO,PERGJ,"Pericos, Gto.",142.24
-100.878333,21.105,GTO,PNLGJ,"Peñuelitas, Gto.",31.3
-101.287778,20.867222,GTO,PRSGJ,"La Purísima, Gto.",156.82
-101.216667,21.483333,GTO,SFEGJ,"San Felipe, Gto.",101.4
-99.831389,21.320833,GTO,SGORDAII,"Sierra Gorda 2, Gto. SMN*",135
-101.016667,20.4,GTO,SJLGJ,"Santa Julia, Gto.",186.3
-100.666667,20.05,GTO,SL2GJ,"Solis, Gto.",115.07
-101.199444,20.565833,GTO,SLMGJ,"Salamanca, Gto.",134.66
-100.669722,20.055278,GTO,SLSGJ,"Solís, Gto.",115.07
-100.885833,20.216667,GTO,SLVGJ,"Salvatierra, Gto.",103.91
-101.066944,20.298333,GTO,SRTGJ,"Santa Rita, Gto.",146.34
-101.3,20.6,GTO,TEMGJ,"Temascatío, Gto.",147.51
-101.178889,20.382778,GTO,VDSGJ,"Valle de Santiago, Gto.",179
-100.0925,21.298889,GTO,XICGJ,"Xichú, Gto.",86.8
-98.348056,21.019444,HGO,ATCHD,"Atlapexco, Hgo.",284.51
-98.716111,20.185556,HGO,ELCHICO,"El Chico, Hgo. SMN*",300.2
-99.36,20.163889,HGO,ENDHD,"Endhó, Hgo.",249.01
-98.076111,20.46,HGO,HHTHD,"Huehuetla, Hgo.",374.2
-98.416667,21.15,HGO,HJTHD,"Huejutla, Hgo.",198
-99.220833,20.481944,HGO,IXMHD,"Ixmiquilpan, Hgo.",93.3
-98.128333,20.135556,HGO,LLAHD,"La Laguna, Hgo.",138.7
-98.757222,20.591667,HGO,LMTHD,"Metztitlán, Hgo.",148.22
-99.218611,20.2375,HGO,MXQHD,"Mixquiahuala, Hgo.",123.51
-98.6,21.166667,HGO,ORZHD,"San Felipe Orizatlán, Hgo.",167.02
-98.7475,20.123333,HGO,PCOHD,"Observatorio de Pachuca, Hgo.",112.1
-99.329444,20.359722,HGO,PRGHD,"Javier Rojo Gómez, Hgo.",86.03
-99.310833,19.963056,HGO,PRQHD,"Requena, Hgo.",74.8
-99.375833,20.435556,HGO,PVAHD,"Vicente Aguirre, Hgo.",80.04
-99.308333,20.573611,HGO,TAXQUILLOCFE,"Taxquillo, Hgo. CFE*",10.58
-98.369444,20.083333,HGO,TLGHD,"Observatorio de Tulancingo, Hgo.",121.72
-99.348333,20.056944,HGO,TLRHD,"Tula Las Rosas, Hgo.",86.22
-99.501111,20.663333,HGO,ZMPHD,"Ing. Fernando Hiriart Balderrama, Hgo.",7.8
-98.647222,20.652778,HGO,ZXTHD,"Zacualtipán, Hgo.",146
-103.133333,20.316667,JAL,ACHAPALAGDL,"Acueducto Chapala Guadalajara, Jal. SGT*",55.6
-103.225278,22.327222,JAL,ACHZC,"Achimec, Jal.",78.43
-103.591111,20.424444,JAL,ACTJL,"Acatlán, Jal.",66.6
-102.436944,21.599444,JAL,AJJJL,"Ajojucar, Jal.",124
-103.091944,20.397222,JAL,ATQJL,"Atequiza, Jal.",113.23
-103.446389,20.746667,JAL,BAZJL,"Base Aérea Zapopan, Jal.",135.83
-104.061111,19.913611,JAL,BBAJL,"Basilio Vadillo, Jal.",113.53
-103.724444,22.406111,JAL,BCSJL,"Bocas, Jal.",53.5
-103.782778,21.831667,JAL,BLNJL,"Bolaños, Jal.",65.5
-103.465278,19.697778,JAL,CGZJL,"Observatorio de Ciudad Guzmán, Jal.",207.2
-103.201944,20.290556,JAL,CHAJL,"Chapala 1, Jal. SMN*",233.17
-104.555278,19.627778,JAL,CHFJL,"El Chiflón, Jal.",377.01
-102.774167,19.287778,JAL,CHLMC,"Constitución de Apatzingán, Jal.",440
-104.566667,19.233333,JAL,CIHJL,"Cihuatlán, Jal.",588.98
-103.25,22.133333,JAL,CLTJL,"Observatorio de Colotlán, Jal.",56.6
-105.129722,19.9975,JAL,CPEJL,"Cajón de Peña, Jal.",194.51
-104.780833,20.479722,JAL,CRNJL,"Corrinchis, Jal.",206.01
-101.7375,21.497778,JAL,CRTJL,"El Cuarenta, Jal.",71.33
-105.218333,20.593333,JAL,CULJL,"Cuale, Jal.",392.72
-103.45,21.066667,JAL,CXTJL,"Cuixtla, Jal.",108.41
-102.976111,20.681389,JAL,EGCJL,"Ing. Elías González Chávez, Jal.",86.63
-104.285278,19.845833,JAL,ELCJL,"El Corcovado, Jal.",236.42
-103.354444,20.680556,JAL,GUAJL,"Guadalajara Centro, Jal.",85.16
-103.392778,20.706667,JAL,GUCJL,"Observatorio de Guadalajara, Jal.",158.91
-105.184444,19.653889,JAL,HIGJL,"Higuera Blanca 2, Jal.",197.42
-103.651111,20.466944,JAL,HRTJL,"Hurtado, Jal.",109.01
-102.705833,20.293889,JAL,JMYJL,"Jamay, Jal.",211.33
-102.558333,20.275556,JAL,LABARCA,"La Barca, Jal. SGT*",79.8
-103.644167,20.676389,JAL,LAPRIMAVERA,"La Primavera, Jal. SMN*",139.8
-105.206667,20.728611,JAL,LDBJL,"La Desembocada, Jal.",196.5
-103.201667,20.290556,JAL,LDCJL,"Lago de Chapala, Jal.",156.6
-101.919722,21.359722,JAL,LDMJL,"Lagos de Moreno, Jal.",121.91
-104.786389,20.525278,JAL,MSCJL,"Mascota, Jal.",239.53
-103.590833,19.592222,JAL,NEVADOCOLIMA,"Nevado de Colima, Jal. SMN*",92.2
-101.916667,21.366667,JAL,OLMJL,"Observatorio de Lagos de Moreno, Jal.",94.6
-103.361667,20.583889,JAL,PITJL,"PIAE Toluquilla, Jal.",91.3
-104.105833,21.196944,JAL,PLYJL,"Ing. Alfredo Elías Ayub, Jal.",97
-103.37,19.5625,JAL,QUTJL,"Quito, Jal.",262.5
-104.05,20.55,JAL,RAMJL,"Río Ameca, Jal.",83.8
-105.133611,19.998611,JAL,RIOTOMATLAN,"Río Tomatlán, Jal. SMN*",8.13
-104.59,20.252222,JAL,RODJL,"El Rodeo, Jal.",228.7
-101.835556,21.359167,JAL,SA1JL,"La Sauceda, Jal.",134.31
-101.85,21.35,JAL,SAUJL,"La Sauceda, Jal.",134.31
-102.5,21.3,JAL,SGRJL,"San Gaspar de los Reyes, Jal.",120.2
-103.9175,19.463611,JAL,SMANANTLANI,"Sierra Manatlán 1, Jal. SMN*",196.6
-103.705556,20.908889,JAL,SRSJL,"Manuel M. Diéguez, Jal.",88.11
-102.583333,21.45,JAL,TCAJL,"Teocaltiche, Jal.",125.52
-104.320278,20.036111,JAL,TCTJL,"Tacotán, Jal.",112.2
-103.198611,22.171944,JAL,TENJL,"Tenasco, Jal.",42.5
-103.316667,20.583333,JAL,TLAJL,"Tlaquepaque, Jal.",142.45
-103.419444,20.4425,JAL,TLAJOMULCO,"Tlajomulco, Jal. SMN*",15.6
-104.370278,19.976111,JAL,TMLJL,"Ramón Corona Madrigal General, Jal.",131.49
-103.396667,18.967222,JAL,TRJCM,"Solidaridad, Jal.",169.82
-103.183333,20.15,JAL,TUXCUECA,"Tuxcueca, Jal. SGT*",48.2
-103.845833,20.596389,JAL,VEGJL,"Ing. Santiago Camarena, Jal.",69.81
-103.05,22.05,JAL,ZPTJL,"El Zapote, Jal.",48
-98.655278,19.118611,MEX,ALTZOMONI,"Altzomoni, Méx SMN*",238.8
-98.912222,19.543611,MEX,ATEMX,"Atenco, Méx.",92.15
-99.866667,19.783333,MEX,ATPMX,"Atlacomulco Prepa., Méx.",255.3
-99.184722,19.580833,MEX,BARRIENTOS,"Planta de bombeo Barrientos, Méx. SACMéx.",270.75
-100.436389,18.781111,MEX,BEJMX,"Bejucos, Méx.",228.3
-99.52,19.566389,MEX,CCAMX,"Cerro Catedral, Méx. SMN*",189.97
-99.298611,19.406667,MEX,CDBMX,"Caída del Borracho, Méx.",320.5
-99.511667,19.205,MEX,CGCMX,"Gerencia Conagua CODAGEM, Méx.",109.53
-98.885,19.485833,MEX,CHAPINGODF,"Chapingo, Méx. SACMéx.",3.5
-99.041667,19.593889,MEX,CHICONAUTLAI,"Chiconautla 1, Méx. SACMéx.",162.92
-99.108333,19.515556,MEX,CHICONAUTLAII,"Chiconautla 2, Méx. SACMéx.",147.82
-100.152778,19.350556,MEX,CHIMX,"Chilesdo, Méx.",266.4
-98.884722,19.483333,MEX,CHPMX,"Chapingo, Méx.",144.1
-99.304444,19.695,MEX,CNPMX,"La Concepción, Méx.",156.7
-99.714167,19.291111,MEX,COBMX,"Observatorio de Toluca, Méx.",199.8
-100.225,19.178889,MEX,COLMX,"Colorines, Méx.",202.1
-99.559722,19.884722,MEX,DNXMX,"Danxho, Méx.",212.02
-99.238333,19.453611,MEX,EMOMX,"El Molinito Río Hondo, Méx.",207.8
-99.252222,19.635556,MEX,GDLMX,"Guadalupe, Méx.",81
-98.917222,19.578889,MEX,GRDMX,"La Grande, Méx.",94.37
-99.696944,20.046389,MEX,HPNMX,"Huapango, Méx.",92.56
-99.05,19.633333,MEX,K27MX,"km 27+250, Méx.",165.42
-100.075833,19.383333,MEX,LBEMX,"Los Berros, Méx.",238.61
-99.250833,19.633333,MEX,LDEGUADALUPE,"Lago de Guadalupe, Méx. SGT*",1.75
-99.220833,19.477778,MEX,MBLMX,"Molino Blanco, Méx.",215.03
-99.683333,19.116667,MEX,NEVMX,"Nevado de Toluca, Méx. SMN*",248.41
-99.420833,18.990833,MEX,OCUMX,"Ocuilán de Arteaga, Méx",318.46
-99.234722,19.475833,MEX,PBRIOHONDO,"P.B. Río Hondo, Méx. SACMéx.",209.25
-99.184722,19.580833,MEX,PBTMX,"Planta de bombeo Barrientos, Méx.",268.34
-99.025,19.65,MEX,PCCMX,"Planta Chiconautla 2, Méx.",147.82
-99.010278,19.636944,MEX,PCTMX,"Planta Chiconautla 1, Méx.",162.38
-99.790278,19.829167,MEX,PFBMX,"Francisco José Trinidad Fabela, Méx.",354
-99.775,19.461667,MEX,PIRMX,"Ignacio Ramírez, Méx.",204.72
-99.248889,19.429444,MEX,PLMMX,"Palmas, Méx.",224.01
-99.260833,19.526944,MEX,PMDMX,"Madín, Méx.",271.2
-99.739722,20.124167,MEX,PMNMX,"El Molino, Méx.",52.07
-99.864444,20.038611,MEX,PNDMX,"Ñadó, Méx.",246
-99.0425,19.616111,MEX,POZOGRANCANAL,"Pozo Gran Canal, Méx. SACMéx.",168.25
-99.293611,19.4575,MEX,PRESATOTOLICA,"Presa Totolica, Méx. SACMéx.",249.5
-99.283333,19.453611,MEX,PTLMX,"Presa Totolica, Méx.",277.5
-98.911111,19.530556,MEX,SADMX,"San Andrés, Méx.",74.91
-99.704722,19.465833,MEX,SBBMX,"José Antonio Alzate, Méx.",176.3
-99.764722,19.238333,MEX,SJHMX,"San Juan de las Huertas, Méx.",436.4
-98.870833,19.190278,MEX,SLAMX,"San Luis Ameca, Méx.",127.03
-99.741667,19.591667,MEX,SLBMX,"San Bartolo del Llano, Méx.",239
-98.873333,19.284722,MEX,SLCHALCO,"San Luis Chalco, Méx. SGT*",91.75
-99.8,19.633333,MEX,SMLMX,"Santa María del Llano, Méx.",289
-99.285,19.574444,MEX,SNJMX,"San Juan, Méx",209.8
-98.858611,19.644722,MEX,SNLMX,"San Lucas, Méx.",113
-99.799167,19.343056,MEX,TBRMX,"Tres Barrancas, Méx.",226.92
-99.935833,18.931389,MEX,TESMX,"Texcaltitlán, Méx.",263.21
-99.905278,19.856944,MEX,TJCMX,"El Tejocote, Méx.",225.32
-99.283333,19.453889,MEX,TOTMX,"Totolica, Méx",235.8
-99.961389,19.660833,MEX,TPTMX,"San Andrés Tepetitlán, Méx.",182.02
-99.6125,19.429167,MEX,TROMX,"Trojes, Méx.",171.69
-99.283056,19.4525,MEX,TTLMX,"Totolica hidrométrica, Méx.",189.4
-99.123889,19.904722,MEX,TTQMX,"Tajo de Tequixquiac, Méx",106.15
-99.385278,19.834722,MEX,TXMHD,"Taxhimay, Méx.",131.03
-100.18,19.2075,MEX,VBRMX,"Valle de Bravo, Méx.",296.71
-99.211667,19.510278,MEX,VDCDF,"Vaso de Cristo, Méx.",0
-99.49,19.286944,MEX,VILLACARMELA,"Villa Carmela, Méx. SACMéx.",0
-99.334167,19.382222,MEX,VNDMX,"El Venado, Méx.",300.8
-100.055556,19.461667,MEX,VVCMX,"Villa Victoria, Méx.",213.62
-101.99,20.231389,MICH,ADUMC,"Adjuntas, Mich.",141.5
-101.661111,19.926111,MICH,AMEMC,"Aristeo Mercado, Mich.",4.4
-102.371111,19.083056,MICH,APTMC,"Apatzingán, Mich.",249.5
-102.419167,20.183889,MICH,BIBMC,"Barraje de Ibarra, Mich.",244
-101.461389,20.324167,MICH,CBLMC,"Casa Blanca, Mich.",149.63
-100.55,19.7,MICH,CHIMC,"Ciudad Hidalgo, Mich.",224.81
-101.259167,19.629722,MICH,COIMC,"Cointzio, Mich.",258.52
-101.861667,20.207222,MICH,CORMC,"Corrales, Mich.",124.81
-100.421111,19.387778,MICH,DBOMC,"El Bosque, Mich.",194.7
-100.45,19.966667,MICH,EGIMC,"El Gigante, Mich.",190.02
-102.541389,19.979167,MICH,GUAMC,"Guaracha, Mich.",167.9
-101.883333,18.266667,MICH,INFMC,"Infiernillo, Mich.",307.02
-102.601944,19.958333,MICH,JARMC,"Jaripo, Mich.",185.2
-102.865556,19.210833,MICH,LOLMC,"Los Olivos, Mich.",503.2
-102.004444,20.354444,MICH,LPDMC,"La Piedad, Mich.",180.2
-101.1,19.7,MICH,MCEMC,"Morelia Centro, Mich.",173.02
-100.873611,19.829167,MICH,MLPMC,"Malpaís, Mich.",157.02
-101.2,19.7,MICH,MNOMC,"Morelia Norte, Mich.",149.6
-101.724444,20.127222,MICH,MOCMC,"Melchor Ocampo, Mich.",195.01
-101.176111,19.688611,MICH,MORMC,"Observatorio de Morelia, Mich.",135.6
-100.439167,19.890833,MICH,MRVMC,"Maravatío, Mich.",197.5
-101.044167,19.826944,MICH,PDBMC,"Planta de bombeo, Mich.",133.04
-101.102778,18.538889,MICH,PINZANESCFE,"Pinzanes, Mich. CFE*",112.4
-102.136944,19.961389,MICH,PUREPETIRO,"Presa Urepetiro, Mich. SGT*",2
-102.716667,20.066667,MICH,SAHMC,"Sahuayo, Mich.",320
-102.464722,20.208333,MICH,SCRMC,"San Cristóbal, Mich.",320.7
-102.651389,19.839444,MICH,SJUMC,"San Juanico, Mich.",221
-102.4,20.1,MICH,SSIMC,"San Simón, Mich.",138.07
-100.229167,20.000278,MICH,TEPMC,"Tepuxtepec, Mich.",155.2
-102.137778,19.962222,MICH,UREMC,"Urepetiro, Mich.",122.8
-102.180278,18.048333,MICH,VILMC,"José María Morelos y Pavón, Mich.",887.82
-101.746944,19.920278,MICH,VJIMC,"Villa Jiménez, Mich.",157.81
-102.242222,20.339444,MICH,YURMC,"Yurécuaro, Mich.",250.74
-102.284167,20.006667,MICH,ZAMMC,"Observatorio de Zamora, Mich.",90.4
-101.931944,18.921111,MICH,ZICMC,"Zicuirán, Mich.",198.2
-102.205833,18.023056,MICH,MLCMC,"Melchor Ocampo L.C., Mich.",969
-98.829167,18.947222,MOR,ACHMR,"Achichipico, Mor.",304.6
-99.258056,18.734722,MOR,ALUMR,"Alpuyeca, Mor.",279.3
-99.376944,18.596111,MOR,AMCMR,"Amacuzac, Mor.",323.6
-99.463611,18.68,MOR,APAMR,"Apacingo, Mor.",387.11
-98.928056,18.948889,MOR,ATLMR,"Atlatlahucan, Mor.",190.4
-98.948889,18.808611,MOR,CUAMR,"Cuautla, Mor.",275.3
-99.2,18.9,MOR,CUEMR,"Cuernavaca, Mor.",367
-99.375556,18.701667,MOR,CUTMR,"Cuautlita, Mor.",421.95
-98.786667,18.690556,MOR,ELPMR,"El Peñón, Mor.",337.1
-99.180278,18.573889,MOR,HIGMR,"Higuerón, Mor.",273.3
-99.424167,18.608333,MOR,HUAMR,"Huajintlán, Mor.",373
-98.75,18.883333,MOR,HUEMR,"Hueyapan, Mor.",227.66
-99.265,19.028889,MOR,HUIMR,"Huitzilac, Mor.",433.51
-99.025,18.441389,MOR,HUTMR,"Huautla, Mor.",151.04
-98.781667,18.936667,MOR,HUXMR,"Huecahuaxco, Mor.",328.8
-99.158611,18.883611,MOR,IMTMR,"Instituto Mexicano de Tecnología del Agua, Mor. SMN*",296.07
-98.8,18.7,MOR,JNCMR,"Jonacatepec, Mor.",327.8
-99.2,18.6,MOR,JOJMR,"Jojutla, Mor.",208.81
-98.914444,18.683611,MOR,LCUMR,"La Cuera, Mor.",232.96
-99.004722,18.727222,MOR,MYOMR,"Moyotepec, Mor.",215.07
-99.031389,18.923333,MOR,OACMR,"Oacalco, Mor.",269.02
-98.901389,18.900556,MOR,OAXMR,"Oaxtepec, Mor.",404.3
-99.219167,18.908889,MOR,OBSMR,"Observatorio de Cuernavaca, Mor.",406.3
-98.758611,18.8825,MOR,OCTMR,"Ocuituco, Mor.",262.8
-99.433333,18.8675,MOR,PAPMR,"Palpan, Mor.",334.51
-99.322778,18.633333,MOR,PIXMR,"Puente de Ixtla, Mor.",380.33
-99.156944,18.771111,MOR,PROMR,"Progreso, Mor.",353.3
-99.331389,18.765278,MOR,RODMR,"El Rodeo, Mor.",471.06
-99.190556,18.918333,MOR,SLDMR,"Solidaridad, Mor.",313.5
-99.042778,18.580278,MOR,SPHMR,"San Pablo Hidalgo, Mor.",203
-98.83,18.638333,MOR,TEBMR,"Tepalcingo Bachillerato, Mor.",246.81
-99.223611,18.856944,MOR,TEMMR,"Temixco, Mor.",272.13
-99.078889,18.950833,MOR,TEPOZTLAN,"Tepoztlán, Mor. SMN*",288.19
-98.710278,18.876389,MOR,TETMR,"Tetela del Volcán, Mor.",130.4
-99.306111,18.487778,MOR,TILMR,"Tilzapotla, Mor.",390.64
-98.75,18.813333,MOR,TLOMR,"Tlacotepec, Mor.",340
-99.241667,19.054167,MOR,TMAMR,"Tres Marías, Mor.",456.51
-99.1,18.691667,MOR,TMPMR,"Temilpa, Mor.",255.23
-98.92,18.9875,MOR,TOTMR,"Totolapan, Mor.",393.1
-98.843611,18.596389,MOR,TPLMR,"Tepalcingo, Mor.",301.3
-99.072778,18.971389,MOR,TPZMR,"Tepoztlán, Mor.",355.01
-99.250278,18.611111,MOR,TQGMR,"Tequesquitengo, Mor.",303.5
-99.190278,18.528889,MOR,XICMR,"Xicatlacotla, Mor.",183.6
-99.25,18.683333,MOR,XXOMR,"Xoxocotla, Mor.",243.9
-99.050556,18.899167,MOR,YAHMR,"Yautepec, Mor.",303.22
-99.196667,18.651389,MOR,ZCTMR,"Zacatepec, Mor.",271.61
-105.354167,22.49,NAY,ACANR,"Acaponeta, Nay.",132.01
-104.802222,21.839167,NAY,AGMNR,"Aguamilpa Solidaridad, Nay.",154.5
-104.5,21.944167,NAY,CHPNR,"Chapalagana, Nay.",82.5
-104.450833,21.428333,NAY,CJNNR,"Leonardo Rodríguez Alcaine, Nay.",76.3
-105.136667,20.889722,NAY,GAVNR,"Gaviotas, Nay.",347.05
-106.536944,21.629722,NAY,ISLASMARIASmar,"Islas Marías, Nay. SEMAR*",85.6
-104.298056,21.038889,NAY,IXTLANRIO,"Ixtlán del Río, Nay. SMN*",145.25
-104.516944,22.250833,NAY,JMANR,"Jesús María, Nay.",80.8
-105.020833,22.377778,NAY,PAJNR,"Pajaritos, Nay.",184.87
-105.211667,22.119722,NAY,ROMNR,"Rosamorada, Nay.",173.9
-104.8875,21.780833,NAY,RSRNR,"San Rafael, Nay.",136.6
-105.1425,21.958333,NAY,RUINR,"Ruiz, Nay.",249.12
-105.285556,21.531389,NAY,SANBLASmar,"San Blas, Nay. SEMAR*",549.77
-104.891944,21.489444,NAY,TEPNR,"Observatorio de Tepic, Nay.",165.23
-99.816667,24.1,NL,ARRNL,"Aramberri, N.L.",54.71
-100.343333,25.634167,NL,AS-06,"Arroyo Seco, N.L. SAHM*",121.9
-99.911667,24.321944,NL,ASCNL,"La Ascensión, N.L.",72.6
-99.743889,24.99,NL,CABNL,"Cabezones, N.L.",274.4
-99.578889,24.871944,NL,CAMNL,"Camacho, N.L.",221.72
-99.276944,25.711667,NL,CCHNL,"Cuchillo Solidaridad, N.L.",92.01
-99.975,25.590278,NL,CDRNL,"Cadereyta, N.L.",156.93
-99.399722,24.9375,NL,CPRNL,"José López Portillo, N.L.",223.5
-99.6975,24.783611,NL,CRUNL,"Crucitas, N.L.",298.7
-99.614167,26.091389,NL,CRVNL,"Cerralvo, N.L.",115.21
-100.308056,25.732222,NL,CU-09,"Ciudad Universitaria, N.L. SAHM*",161.8
-100.308333,25.576944,NL,ELDIENTE,"El Diente, N. L. SMN*",27
-100.245,25.592222,NL,EZ-07,"Estanzuela, N.L. SAHM*",218
-100.083333,24.833333,NL,GALNL,"Galeana, N.L.",62.04
-100.348611,25.502222,NL,LASTINAJASNL,"Las Tinajas, N.L. SGT*",155.45
-100.128056,25.428056,NL,LBCNL,"Rodrigo Gómez, N.L.",176.1
-99.527222,25.497222,NL,LERNL,"Las Enramadas, N.L.",110
-100.383611,25.735833,NL,MI-02,"Mitras, N.L. SAHM*",113.35
-99.833333,25.174167,NL,MTMNL,"Montemorelos, N.L.",119.9
-100.271667,25.682222,NL,MTRNL,"Monterrey, N.L.",147.2
-100.541944,25.701111,NL,OB-05,"Obispo, N.L. SAHM*",144.3
-100.304722,25.733611,NL,OBSNL,"Observatorio de Monterrey, N.L.",87.81
-100.333056,25.659722,NL,PC-08,"Protección Civil, N.L. SAHM*",199.8
-100.551111,25.028333,NL,SRANL,"San Rafael, N.L.",63.51
-97.720556,17.533611,OAX,AMTOX,"San Antonino Monte Verde, Oax.",198.5
-95.700556,16.010833,OAX,ASTOX,"Astata, Oax.",254.81
-96.1,17.016667,OAX,AYUOX,"Ayutla, Oax.",130.2
-95.929167,16.647222,OAX,BOQOX,"Boquilla 1, Oax.",91.87
-96.263611,17.999167,OAX,CDOOX,"Miguel de la Madrid Hurtado, Oax.",500.8
-94.816667,16.583333,OAX,CHIOX,"Chicapa, Oax.",121.47
-97.023056,17.459167,OAX,CMTOX,"Santiago Camotlán, Oax.",176.52
-96.721944,15.812222,OAX,COZOX,"San Francisco Cozoaltepec, Oax.",728.2
-96.658333,18.492778,OAX,CSPOX,"Cosolapa, Oax.",412.46
-96.388889,18.1525,OAX,DPSOX,"Dique Pescaditos, Oax.",545.62
-95.374444,16.434722,OAX,EMAOX,"El Marqués, Oax.",214.5
-97.819167,17.746389,OAX,FOYOX,"San Francisco Yosocuta, Oax.",103.33
-97.776111,17.806667,OAX,HDLOX,"Huajuapan de León, Oax.",192.6
-97.776111,17.806667,OAX,HLOOX,"Observatorio de Huajuapan de León, Oax.",223.01
-95.869722,17.024722,OAX,HUYOX,"Huayapam, Oax.",87.6
-95.053889,16.503611,OAX,IXTALTEPEC,"Ixtaltepec, Oax. SGT*",200
-95.1,16.583333,OAX,IXTOX,"Ixtepec, Oax.",356.68
-96.2,17.866667,OAX,JACOX,"Jacatepec, Oax.",852.5
-95.2,16.6,OAX,KM1OX,"km 33+190, Oax.",287.11
-95.483333,17.45,OAX,MAROX,"María Lombardo, Oax.",352.31
-96.733333,17.066667,OAX,OACOX,"Oaxaca Centro, Oax.",134.71
-96.7,17.001389,OAX,OAOOX,"Observatorio de Aeropuerto Oaxaca, Oax.",167.22
-94.4,16.5,OAX,OSTOX,"Ostuta, Oax.",204.83
-96.083333,18.166667,OAX,PAPOX,"Papaloapan, Oax.",179.14
-96.716667,17.072778,OAX,PIAOX,"Organismo de Cuenca Pacífico Sur PIAE, Oax.",133.63
-96.483333,15.666667,OAX,PTAOX,"Observatorio de Puerto Angel, Oax.",370.8
-95.481389,16.585278,OAX,RHOOX,"Río Hondo, Oax.",132.3
-97.725,16.102778,OAX,RVEOX,"Río Verde, Oax.",764.1
-96.55,17.266667,OAX,SCIOX,"Ixtepeji, Oax.",143
-95.2,16.183333,OAX,SCROX,"Observatorio de Salina Cruz, Oax.",106.9
-98.1425,17.501389,OAX,SLAOX,"Silacayoápam, Oax.",382.84
-97.680278,18.188611,OAX,SNCOX,"Santiago Chazumba, Oax.",93.5
-96.55,18.05,OAX,STDOX,"Santo Domingo, Oax.",611.73
-97.536667,17.726111,OAX,STTOX,"Santiago Teotongo, Oax.",145.6
-96.412222,18.232222,OAX,TEMOX,"Presidente Alemán, Oax.",638.5
-97.492222,17.513333,OAX,TEPOX,"Teposcolula, Oax.",221.29
-95.6,16.416667,OAX,TEQOX,"Tequisistlán, Oax.",114.48
-97.680278,17.267222,OAX,TLXOX,"Heroica Ciudad de Tlaxiaco, Oax.",469.5
-96.544722,15.739167,OAX,TNMOX,"Tonameca, Oax.",382.85
-96.133333,18.083333,OAX,TUXOX,"Tuxtepec, Oax.",441.71
-96.435278,17.933056,OAX,UCFOX,"Usila CFE, Oax.",606
-96.3,17.776389,OAX,VANOX,"Valle Nacional, Oax.",386.01
-97.826111,17.724444,OAX,YOSOX,"Yosocuta, Oax.",124.56
-98.389444,17.755278,OAX,ZALOX,"Zapotitlán Lagunas, Oax.",270.01
-94.216111,16.4025,OAX,ZANOX,"Zanatepec, Oax.",232.02
-97.818056,17.889722,OAX,ZAPOX,"Zapotitlán Palmas, Oax.",200.91
-98.285,19.016667,PUE,ACAPB,"Acatepec, Pue.",0
-97.418056,19.45,PUE,ACHPB,"Alchichica, Pue.",56.82
-97.934167,19.0625,PUE,ACJPB,"Acajete, Pue.",267.5
-98.055,18.277222,PUE,ADOPB,"Acatlán de Osorio, Pue.",186.02
-98.135833,18.9425,PUE,AFRPB,"Africam, Pue.",214.6
-97.920833,18.854167,PUE,AHAPB,"Ahuatepec, Pue.",155
-97.845,20.406944,PUE,APAPB,"Apapantilla, Pue.",323.2
-98.420833,18.921111,PUE,ATXPB,"Atlixco, Pue.",355.9
-97.881111,20.385833,PUE,AVCPB,"Avila Camacho, Pue.",544.3
-97.503333,19.961389,PUE,BAIPB,"Buenos Aires CFE, Pue.",346.62
-98.108611,18.9125,PUE,BDDPB,"Manuel Avila Camacho, Pue.",129.32
-97.441667,18.987222,PUE,CDSPB,"Ciudad Serdán, Pue.",83
-97.958333,18.968889,PUE,CEMPB,"Cemex, Pue.",220.9
-97.360833,18.316389,PUE,CHCPB,"Chilac, Pue.",39.6
-98.579167,18.516111,PUE,CHIPB,"Chietla, Pue.",242.32
-98.318056,19.068611,PUE,CHLPB,"Cholula, Pue.",248.51
-98.567778,18.109722,PUE,CHSPB,"Chila de la Sal, Pue.",156.1
-98.198611,19.022778,PUE,CNAPB,"Conagua, Pue.",196
-98.049722,19.743333,PUE,CNGPB,"Chignahuapan, Pue.",221.5
-98.059444,19.092778,PUE,CPLPB,"Capulac, Pue.",636.01
-97.516667,20.033333,PUE,CTZPB,"Cuetzalan del Progreso, Pue.",363.52
-98.275556,18.966111,PUE,ECHPB,"Echeverría, Pue.",332
-98.456111,19.101111,PUE,HJTPB,"Huejotzingo, Pue.",214.16
-98.540278,18.772222,PUE,HQCPB,"Huaquechula, Pue.",247.5
-98.050833,20.176389,PUE,HUAPB,"Huauchinango, Pue.",315.61
-98.72,18.039722,PUE,IXCAMILPACFE,"Ixcamilpa, Pue. CFE*",136.5
-97.815833,19.621667,PUE,IXTPB,"Ixtacamaxtitlán, Pue.",90.43
-98.466389,18.610833,PUE,IZMPB,"Izúcar de Matamoros, Pue.",262.01
-97.691111,19.457222,PUE,LIBPB,"Libres, Pue.",78.62
-98.231111,19.010556,PUE,MAYPB,"Mayorazgo 21 Poniente, Pue.",292.43
-97.850278,20.733056,PUE,MTLPB,"Metlaltoyuca, Pue.",50.7
-96.781389,18.360278,PUE,NARPB,"Naranjastitla, Pue.",583.64
-98.002222,20.001667,PUE,NECAXA,"Necaxa, Pue. FENIX*",273.7
-98.000556,20.216667,PUE,NNEPB,"Necaxa, Pue.",229
-97.533333,19.7,PUE,OYAPB,"Oyameles, Pue.",100.01
-98.156667,20.2775,PUE,PAHUATLAN,"Pahuatlán de Valle, Pue. SGT*",224.6
-97.251389,18.918056,PUE,PCRPB,"Paso Carretas, Pue.",175
-98.264722,18.2,PUE,PIXPB,"Piaxtla, Pue.",164.11
-97.883333,20.233333,PUE,PTLPB,"Patla, Pue.",158.5
-98.166667,19.05,PUE,PUOPB,"Observatorio de Puebla, Pue.",214.3
-97.616667,19.25,PUE,QUIPB,"Quimixtlán, Pue.",307.6
-98.22,19.113056,PUE,SCRPB,"San Cristóbal Caleras, Pue.",283.01
-97.205556,20.133889,PUE,SJAPB,"San José Acateno, Pue.",145.83
-97.91,18.735,PUE,SMCPB,"San Miguel Canoa, Pue.",224.03
-98.433889,19.287222,PUE,SMTPB,"San Martín Texmelucan, Pue.",176.91
-97.446667,19.960833,PUE,SOLPB,"La Soledad, Pue.",349.12
-98.582222,19.330278,PUE,SRTPB,"Santa Rita Tlahuapan, Pue.",159
-97.486389,19.952778,PUE,STLPB,"Sontalalco CFE, Pue.",290.42
-97.7925,20.004444,PUE,TDRPB,"Tepango de Rodríguez, Pue.",281.7
-97.7525,18.878889,PUE,TECPB,"Tecamachalco, Pue.",99.8
-97.395556,18.479167,PUE,TEHPB,"Tehuacán, Pue.",106.51
-98.777222,18.451944,PUE,TELPB,"Teotlalco, Pue.",228.6
-97.805833,19.829444,PUE,TEOPB,"Tetela de Ocampo, Pue.",137.02
-97.9475,20.21,PUE,TEPPB,"Tepexic, Pue.",144.9
-97.430556,18.468889,PUE,TETPB,"Teopilco, Pue.",110.8
-97.359722,19.815278,PUE,TEZPB,"Teziutlán, Pue.",162.54
-97.876111,20.315278,PUE,TLAXCALALTON,"Tlaxcalaltongo, Pue. SGT*",178.4
-96.849722,18.405,PUE,TLPPB,"Tlacotepec de Díaz, Pue.",488
-97.491944,19.489167,PUE,TPYPB,"Tepeyahualco, Pue.",66.51
-96.861389,18.483611,PUE,TYAPB,"Tepeyac, Pue.",544.54
-98.050833,20.176389,PUE,UDSPB,"Universidad de la Sierra, Pue.",295.41
-97.675833,20.510278,PUE,VENPB,"Venustiano Carranza, Pue.",100.3
-97.956944,20.277222,PUE,XDJPB,"Xicotepec de Juárez, Pue.",460.9
-97.585,19.859722,PUE,ZCPPB,"Zacapoaxtla, Pue.",309.5
-97.011389,18.332222,PUE,ZOQPB,"Zoquitlán, Pue.",233.01
-97.832778,20.178611,PUE,ZRGPB,"Zaragoza, Pue.",196.21
-100.412222,20.504167,QRO,BATQT,"El Batán, Qro.",122.05
-100.435556,20.604167,QRO,CARQT,"Carrillo, Qro.",49.5
-100.080278,20.418611,QRO,CNSQT,"Constitución de 1917, Qro.",128
-100.453333,20.535,QRO,EPUQT,"El Pueblito, Qro.",124.5
-100.366667,20.566667,QRO,GHQQT,"Gerencia Hidalgo, Qro.",93.52
-99.9625,20.198611,QRO,IDFQT,"San Ildefonso, Qro.",88.6
-99.479722,21.230278,QRO,JLPQT,"Jalpan, Qro.",151.7
-100.45,20.7,QRO,JRQQT,"Juriquilla, Qro.",65
-100.366667,20.566667,QRO,OBSQT,"Observatorio de Querétaro, Qro.",184.73
-99.815,21.055833,QRO,PMLQT,"Peñamiller, Qro.",41.96
-100,20.3625,QRO,SJSQT,"San José, Qro.",118.1
-87.835556,18.28,QROO,AXCALAK,"Arrecifes Xcalak, Q. Roo. SMN*",155.4
-86.820278,21.156667,QROO,CANQR,"Cancún, Q. Roo.",375.71
-87.300556,18.755556,QROO,CHINCHORROmar,"Banco Chinchorro, Q. Roo. SEMAR*",140.97
-88.3275,18.500556,QROO,CHOQR,"Observatorio de Chetumal, Q. Roo.",144.4
-86.775833,21.074444,QROO,CNCQR,"Cancún Radar, Q. Roo. SMN*",284.39
-86.946111,20.51,QROO,COZQR,"Cozumel, Q. Roo.",224.2
-88.045,19.575556,QROO,FCRQR,"Observatorio de Felipe Carrillo Puerto, Q. Roo.",182.3
-87.372778,21.521389,QROO,HLBQR,"Isla Holbox, Q. Roo.",263.1
-86.735,21.235556,QROO,IMJQR,"Isla Mujeres, Q.Roo.",191.8
-88.703611,19.752222,QROO,JMORELOS,"José María Morelos, Q. Roo. SMN*",226.6
-87.077778,20.634444,QROO,PDCQR,"Playa del Carmen, Q. Roo.",464
-86.807222,21.185556,QROO,PTOJUAREZmar,"Puerto Juárez, Q. Roo. SEMAR*",293.12
-87.465556,20.1275,QROO,SIAQR,"Sian Ka an 2, Q. Roo. SMN*",0
-106.654167,24.047222,SIN,ACTSI,"Acatitán, Sin.",27
-107.383333,25.090278,SIN,AL2SI,"El Varejonal hidrométrica, Sin.",87
-107.388333,25.101389,SIN,ALMSI,"Adolfo López Mateos, Sin.",87
-108.7,25.7,SIN,ARCSI,"Adolfo Ruiz Cortines, Sin.",201
-107.466667,25.033333,SIN,AWSSI,"Andrew Weiss, Sin.",81.03
-107.5375,25.333333,SIN,BDRSI,"Badiraguato, Sin.",151.01
-108.333333,26.733333,SIN,CHOSI,"Choix Pueblo, Sin.",5.5
-108.329167,26.736111,SIN,CHXSI,"Observatorio de Choix, Sin.",5.5
-107.4,24.816667,SIN,CLCSI,"Culiacán, Sin.",74.6
-109.333333,26.1,SIN,CRRSI,"El Carrizo, Sin.",15.51
-108.065556,25.484722,SIN,EBLSI,"Lic. Eustaquio Buelna, Sin.",237.71
-108.616667,26.433333,SIN,EFTSI,"El Fuerte, Sin.",14
-108.480833,25.806667,SIN,ENASI,"Estación Naranjo, Sin.",134
-108.316667,26.083333,SIN,GB2SI,"El Sabinal hidrométrica, Sin.",101.01
-107.911944,25.855278,SIN,GD2SI,"Bacurato hidrométrica de Gustavo Diaz Ordáz, Sin.",266
-107.911111,25.856667,SIN,GDOSI,"Gustavo Díaz Ordaz, Sin.",266
-108.091667,25.469444,SIN,GMCSI,"Guamúchil, Sin.",237.71
-108.466667,25.716667,SIN,GSVSI,"Guasave, Sin.",202
-107.225,25.344444,SIN,GTNSI,"Guatenipa, Sin.",102.6
-109.301111,25.966111,SIN,HDZSI,"Higuera de Zaragoza, Sin.",96
-106.595833,23.955556,SIN,IXPSI,"Ixpalino, Sin.",35.7
-107.059444,24.753611,SIN,JGRSI,"Juan Guerrero Alcocer, Sin.",83.01
-106.807222,24.571667,SIN,JLPSI,"José López Portillo, Sin.",32.61
-108.712222,26.437222,SIN,JODSI,"El Sabino, Sin.",83.01
-108.7025,26.426944,SIN,JORSI,"Josefa Ortiz de Domínguez, Sin.",83.01
-106.9,23.916667,SIN,LCRSI,"La Cruz, Sin.",41.32
-108.35,26.904167,SIN,LD2SI,"Huites hidrométrica, Sin.",35.8
-108.367778,26.844722,SIN,LDCSI,"Luis Donaldo Colosio, Sin.",35.8
-109,25.8,SIN,MCHSI,"Los Mochis, Sin.",55.41
-108.583333,26.5,SIN,MHGSI,"Miguel Hidalgo, Sin.",26.81
-106.4,23.233333,SIN,MZTSI,"Observatorio de Mazatlán, Sin.",88.2
-107.440556,24.634722,SIN,OBSSI,"Observatorio de Culiacán, Sin.",86.11
-108.58,26.509722,SIN,PMHSI,"Miguel Hidalgo, Sin.",26.81
-106.466667,23.5625,SIN,QLTSI,"Quelite, Sin.",46.51
-107.755833,25.124722,SIN,RAVSI,"Estación Rancho Viejo, Sin.",64.5
-105.85,22.983333,SIN,RSRSI,"Rosario, Sin.",45
-107.843333,25.485556,SIN,SANJUAN,"San Juan, Sin. SMN*",140.25
-106.952778,24.484722,SIN,SCRSI,"Santa Cruz, Sin.",64.22
-108.779167,26.073611,SIN,SFRSI,"Sufragio, Sin.",96
-107.8425,25.486667,SIN,SJNSI,"San Juan, Sin.",167.01
-107.1,24.45,SIN,SLRSI,"San Lorenzo, Sin.",22.92
-106.695833,24.121944,SIN,SLTSI,"Ing. Aurelio Benassini Vizcaíno, Sin.",70
-107.158333,24.813889,SIN,SN2SI,"Sanalona hidrométrica, Sin.",87.31
-107.151389,24.815,SIN,SNLSI,"Sanalona, Sin.",87.31
-106.25,23.35,SIN,SQRSI,"Siqueros, Sin.",86.6
-109.070278,25.590833,SIN,TOPOLOBAMPOmar,"Topolobampo, Sin. SEMAR*",85.09
-105.846944,23.088333,SIN,TORSI,"Las Tortugas, Sin.",42
-107.059722,24.7475,SIN,VINSI,"Vinoramas, Sin.",83.01
-108.358611,25.739167,SIN,ZOPSI,"El Zopilote, Sin.",194
-98.558333,21.972222,SLP,AJTSL,"Las Adjuntas, S.L.P.",228.3
-98.955833,21.748889,SLP,BLMSL,"Ballesmi, S.L.P.",88
-99.016667,21.983333,SLP,CDVSL,"Ciudad Valles, S.L.P.",9
-99.239444,21.906944,SLP,GANSL,"Gallinas, S.L.P.",176.8
-100.820556,21.88,SLP,IVGSL,"Valentín Gama, S.L.P.",41.2
-100.665833,23.6475,SLP,MA2SL,"Matehuala, S.L.P. SMN*",52
-100.642778,23.656944,SLP,MATSL,"Matehuala, S.L.P.",39.46
-99.159444,22.12,SLP,MICSL,"Micos, S.L.P.",125.92
-98.8,21.333333,SLP,MTPSL,"Observatorio de Matlapa, S.L.P.",130.2
-100.762222,21.849722,SLP,OCTSL,"Ojo Caliente, S.L.P.",33.4
-99.830556,21.651111,SLP,PMYSL,"Pedro Montoya, S.L.P.",41.52
-98.939722,21.847222,SLP,PUJSL,"El Pujal, S.L.P.",40.1
-99.995,21.931389,SLP,RVDSL,"Observatorio de Río Verde, S.L.P.",121.6
-101,22.2,SLP,SGRSL,"Soledad Graciano, S.L.P.",83.22
-101.019167,22.148056,SLP,SLPSL,"Observatorio de San Luis Potosí, S.L.P.",128.4
-99.055833,22.02,SLP,STRSL,"Santa Rosa, S.L.P.",175.4
-98.617222,21.692778,SLP,SVTSL,"San Vicente, S.L.P.",68.21
-98.857222,21.246667,SLP,TBLSL,"Tierra Blanca, S.L.P.",125
-100.548333,21.629444,SLP,TIESL,"La Muñeca, S.L.P.",18.53
-101.9125,22.831944,SLP,VRASL,"Villa de Ramos, S.L.P.",72
-110.226111,29.825,SON,ACNSO,"Aconchi, Son.",0
-108.937778,27.021667,SON,ALMSO,"Álamos, Son.",41.2
-111.834444,30.714444,SON,ALTSO,"Observatorio de Altar, Son.",0
-109.8925,27.8225,SON,AOBSO,"Alvaro Obregón, Son.",0.02
-109.106667,27.226111,SON,ARCSO,"Adolfo Ruiz Cortines, Son.",17.52
-109.088611,30.07,SON,ARISO,"Aribabi, Son.",20
-110.92,29.076667,SON,ARLSO,"Abelardo Rodríguez Luján, Son.",10.2
-110.1675,30.335833,SON,ARZSO,"Arizpe, Son.",0
-111.921944,28.815,SON,BAHIAKINO,"Bahía de Kino, Son. SMN*",0
-110.238611,30.598889,SON,BCNSO,"Bacanuchi, Son.",0
-108.931667,30.355278,SON,BCRSO,"Bacerac, Son.",4.02
-112.435278,30.771944,SON,CABORCA,"Caborca, Son. SMN*",6.2
-109.625,27.416667,SON,CCRSO,"Cocoraque, Son.",23
-111.516389,30.873333,SON,CHTSO,"Cuauhtémoc, Son.",2.5
-110.736389,29.472222,SON,CJNSO,"El Cajón, Son.",0.01
-110.290833,30.98,SON,CNNSO,"Cananea, Son.",0.62
-109.931944,27.496389,SON,COBSO,"Ciudad Obregón, Son.",92.01
-108.7625,26.603611,SON,CZNSO,"Cazanate, Son.",68.9
-109.233333,29.2,SON,ECBSO,"El Cubil, Son.",5.5
-110.8,27.95,SON,EPLSO,"Observatorio de Empalme, Son.",0
-110.85,27.95,SON,GYMSO,"Guaymas, Son.",9.02
-110.916667,29.066667,SON,HM2SO,"Observatorio de Hermosillo, Son.",10.2
-110.925833,29.073056,SON,HMNSO,"Hermosillo, Son.",26.2
-108.957222,30.210556,SON,HSHSO,"Huachinera, Son.",0.01
-110.886944,30.761667,SON,IMRSO,"Imuris, Son.",8.4
-110.396944,28.426389,SON,IRASO,"Ignacio R. Alatorre, Son.",57.2
-109.378889,30.437778,SON,LCDSO,"Lázaro Cárdenas, Son.",16.3
-109.6875,30.374444,SON,NCZSO,"Observatorio de Nacozari, Son.",0
-110.947222,31.318889,SON,NGLSO,"Nogales, Son.",15.4
-110.913889,31.297778,SON,NOGALES,"Nogales, Son. SMN*",15.4
-109.443333,27.071944,SON,NVJSO,"Navojoa, Son.",17.61
-112.85,31.866667,SON,NYNSO,"Sonoyta, Son.",0
-109.083333,29.433333,SON,PDNSO,"Paso Nácori, Son.",0
-109.642222,28.976667,SON,PECSO,"Plutarco Elías Calles, Son.",0
-113.304722,31.68,SON,PINACATE,"El Pinacate, Son. SMN*",0
-110.725556,29.2125,SON,PMOSO,"Ing. Rodolfo Félix Valdés, Son.",0.01
-113.550833,31.352778,SON,PT2SO,"Observatorio de Puerto Peñasco, Son.",0
-110.308333,28.472222,SON,PTASO,"Punta de Agua 2, Son.",11.14
-112.116667,30.697778,SON,PTQSO,"Pitiquito, Son.",0.01
-111.021389,30.050556,SON,QRBSO,"Querobabi, Son.",5.81
-114.797778,32.423889,SON,RCOLORADO,"San Luis Río Colorado, Son. SMN*",0
-108.876667,27.411944,SON,SBNSO,"San Bernardo, Son.",39.52
-111.445278,30.394722,SON,SRSSO,"Santa Rosa 2, Son.",12.5
-109.5,29.534722,SON,TPCSO,"Tepache, Son.",0.02
-109.2125,27.658333,SON,TSOSO,"Tesocoma, Son.",15.51
-110.289722,27.643611,SON,VCMSO,"Vícam, Son.",23.52
-108.927778,28.371389,SON,YCRSO,"Yécora, Son.",9.52
-91.483333,17.433333,TAB,BDCTB,"Boca del Cerro, Tab.",268.4
-93.362778,17.865,TAB,CAMOAPA,"Camoapa, Tab. SGT*",0.2
-93.376389,18.001111,TAB,CARTB,"Cárdenas, Tab.",203.8
-91.229167,17.289722,TAB,CUSUMACINTA,"Cañón Usumacinta, Tab. SMN*",221.8
-92.916667,17.98,TAB,EMUTB,"Villahermosa Muelle, Tab.",194.5
-92.814722,18.043611,TAB,EPOTB,"El Porvenir, Tab.",205.4
-93,17.975,TAB,GONTB,"González, Tab.",252.1
-93.066667,17.966667,TAB,GONZALEZ,"González, Tab. SGT*",270.1
-92.167222,18.100556,TAB,JONUTAHM,"Jonuta hidrométrica, Tab. SGT*",196.8
-92.6,17.766667,TAB,MACTB,"Macuspana, Tab.",218.6
-92.75,17.380556,TAB,OXOTB,"Oxolotán, Tab.",234.8
-92.646389,18.406389,TAB,PCENTLA,"Pantanos de Centla, Tab. SMN*",154.2
-92.879167,17.854167,TAB,PNVTB,"Pueblo Nuevo, Tab.",349
-93.622778,18.175,TAB,POBLADOC11,"Poblado C11, Tab. SGT*",330.3
-92.877222,18.010833,TAB,PORVENIR,"Porvenir, Tab. SGT*",191.7
-92.976944,17.980278,TAB,POSTA,"La Posta, Tab. SGT*",235
-92.9375,17.566667,TAB,PUYTB,"Puyacatengo, Tab.",395
-92.829722,18.235278,TAB,RIOGONZALEZ,"Río González, Tab. SGT*",400.4
-93.275556,17.996944,TAB,SAMTB,"SaMaría, Tab.",323.3
-91.158333,17.791667,TAB,SPTTB,"San Pedro, Tab.",252.3
-92.778611,17.456944,TAB,TAPTB,"Tapijulapa, Tab.",204.7
-92.966667,17.566667,TAB,TEATB,"Teapa, Tab.",451
-92.333889,17.840556,TAB,TEPETITAN,"Tepetitán, Tab. SGT*",169.4
-98.39,24.065556,TAMPS,ABSTP,"Abasolo, Tamps.",69
-99.145556,22.986944,TAMPS,AHLTP,"Ahualulco, Tamps.",289.9
-97.926944,22.386111,TAMPS,BALTP,"Bombas Altamira, Tamps.",91.9
-99.123056,24.080556,TAMPS,BR1TP,"El Barretal Uno, Tamps.",203
-99.215,24.1025,TAMPS,BRRTP,"El Barretal, Tamps.",194.8
-98.5975,26.238056,TAMPS,CDOTP,"S J 2 18 Ciudad Díaz Ordaz, Tamps.",66.11
-98.983056,22.744444,TAMPS,CIUDADMANTE,"Ciudad Mante, Tamps. SMN*",183.5
-98.8,26.25,TAMPS,CMGTP,"S J 2 11 Camargo, Tamps.",45.61
-99.148611,26.430556,TAMPS,CMRTP,"Mier, Tamps.",96.41
-97.817778,25.966389,TAMPS,CONTP,"Control, Tamps.",70.04
-98.935833,23.939167,TAMPS,CORTP,"Corona, Tamps.",55.4
-99.166667,23.716667,TAMPS,CVCTP,"Observatorio de Ciudad Victoria, Tamps.",293
-99.1875,23.730278,TAMPS,CVTTP,"Ciudad Victoria, Tamps.",249.21
-99.078611,23.384444,TAMPS,ENNTP,"La Encantada, Tamps.",192.6
-98.691667,22.605,TAMPS,ERCTP,"Estudiante Ramiro Caballero Dorantes, Tamps.",87.4
-98.159167,24.841944,TAMPS,FDOTP,"San Fernando, Tamps.",176.5
-99.154722,23.046667,TAMPS,GOMEZFARIAS,"Gómez Farías, Tamps. SGT*",441.2
-97.953333,23.166389,TAMPS,LAETP,"La Esperanza, Tamps.",142.8
-99.233611,26.408889,TAMPS,LBLTP,"Derivadora Las Blancas, Tamps.",113.5
-99.120556,22.852778,TAMPS,LSRTP,"La Servilleta, Tamps.",345.44
-99.551944,24.567778,TAMPS,MAGTP,"Magueyes, Tamps.",376.7
-97.522778,25.833333,TAMPS,MATTP,"Matamoros, Tamps.",401.21
-98.586389,25.1175,TAMPS,MENTP,"Mendez, Tamps.",145.71
-99.040833,26.374167,TAMPS,MGATP,"S J 1 2 Miguel Alemán, Tamps.",93.9
-98.705556,22.795833,TAMPS,MGSTP,"Magiscatzín Dos, Tamps.",138.6
-99.434444,24.2525,TAMPS,MHGTP,"Miguel Hidalgo, Tamps.",434.2
-98.925556,26.204722,TAMPS,MRGTP,"Marte Rodolfo Gómez, Tamps.",113.5
-98.903611,24.043889,TAMPS,PADTP,"Padilla, Tamps.",96.82
-97.8,25.8,TAMPS,PANTP,"Pueblo Anáhuac, Tamps.",213.32
-98.745833,23.726667,TAMPS,PDMTP,"Paso de Molina, Tamps.",169.02
-99.019167,24.208056,TAMPS,PILTP,"Pilón, Tamps.",78.5
-99.555833,24.2475,TAMPS,PJMTP,"Pedro José Méndez, Tamps.",409.3
-99.583333,24.183333,TAMPS,PVLTP,"Puerto de Valles, Tamps.",391.11
-99.026111,22.843056,TAMPS,RFRTP,"Río Frío, Tamps.",174.72
-98,25.966667,TAMPS,RIBTP,"Río Bravo, Tamps.",160.11
-97.991944,23.259444,TAMPS,RSPTP,"República Española, Tamps.",111.2
-98.285833,26.079722,TAMPS,RYATP,"S J 3 42 Reynosa, Tamps.",99.12
-98.883333,26.166667,TAMPS,RYNTP,"S J 2 9 Reynosa, Tamps.",99.1
-99.093056,23.031389,TAMPS,SBNTP,"Sabinas, Tamps.",217.9
-98.869444,22.784444,TAMPS,SDATP,"Saca de Agua, Tamps.",217.8
-98.7875,23.085556,TAMPS,SGBTP,"San Gabriel, Tamps.",65.4
-98.208889,23.762222,TAMPS,SLMTP,"Observatorio de Soto la Marina, Tamps.",112.6
-98.791389,22.943889,TAMPS,SLZTP,"Lic. Emilio Portes Gil, Tamps.",147
-99.274167,24.0225,TAMPS,STETP,"Santa Engracia, Tamps.",133.9
-97.876111,22.238333,TAMPS,TMPTP,"Tampico, Tamps.",105.1
-98.421944,22.413611,TAMPS,TMSTP,"Tamesí, Tamps.",219.01
-97.804167,25.906111,TAMPS,VCATP,"Villa Cárdenas, Tamps.",121.93
-98.666389,23.959444,TAMPS,VGRTP,"Vicente Guerrero, Tamps.",47.3
-97.8,25.7,TAMPS,VHMTP,"Valle Hermoso, Tamps.",135.52
-99.488611,24.303889,TAMPS,VILLAGRAN,"Villagrán, Tamps. SMN*",394.4
-99.551111,24.566667,TAMPS,VSMTP,"Victoria San Marcos, Tamps.",124.2
-98.131389,19.428611,TLAX,APITL,"Apizaco, Tlax.",219
-98.563889,19.586111,TLAX,CPPTL,"Calpulalpan, Tlax.",71.3
-97.769722,19.298889,TLAX,CUATL,"Cuapiaxtla, Tlax.",146.6
-97.6475,19.318056,TLAX,ECTTL,"El Carmen Tequexquitla, Tlax.",132.5
-98.246944,19.324722,TLAX,OBSTL,"Observatorio de Tlaxcala, Tlax.",146
-98.200556,19.556111,TLAX,SJATL,"San José Atlanga, Tlax.",214
-98.243056,19.219444,TLAX,ZACTL,"Zacatelco, Tlax.",125.4
-97.908056,19.200278,TLAX,ZITTL,"Zitlaltepec, Tlax.",196.5
-96.843889,19.695833,VER,ACAVC,"Acatlán, Ver.",309.04
-94.931389,18.044444,VER,ACAYUCAN,"Acayucan, Ver. SMN*",109.9
-96.5875,19.495,VER,ACTVC,"Actopan, Ver.",107.93
-94.144444,18.141667,VER,AGDVC,"Agua Dulce, Ver.",253
-97.234722,19.7625,VER,ALTVC,"Altotonga, Ver.",244.08
-96.736111,19.621667,VER,ALUVC,"Alto Lucero, Ver.",122.67
-95.4375,18.583333,VER,ARCVC,"Angel Rosario Cabada, Ver.",173.05
-97.236944,19.885833,VER,ARRVC,"Arroyo Colorado, Ver. PC",345.25
-96.944444,19.588889,VER,BANVC,"Banderilla, Ver.",240
-96.933333,19.483333,VER,BRIVC,"Briones, Ver.",343.14
-94.253889,17.954444,VER,CB2VC,"Planta de bombeo 2 de La Cangrejera, Ver.",482
-95.8,18.3,VER,CCLVC,"Chacaltianguis, Ver.",265.9
-96.994444,19.332778,VER,CDCVC,"Cosautlán de Carvajal, Ver.",419.3
-96.697778,19.433056,VER,CEGVC,"Cerro Gordo, Ver.",133.5
-96.9025,20.172778,VER,CEPVC,"Pital Protección Civil, Ver",60.07
-96.853611,18.563333,VER,CHMVC,"Chicomapa, Ver.",555.9
-98.155833,21.7375,VER,CHYVC,"Paso de Piedras, Ver.",119
-97.470556,20.253056,VER,CIRVC,"El Ciruelo, Ver. PC",142.75
-97.878611,21.334444,VER,CITLALTEPEC,"Citlaltepec, Ver. SMN*",236.3
-97.545,21.068333,VER,CLHVC,"Chalahuite, Ver.",109
-96.939444,19.453889,VER,COAVC,"Coatepec, Ver.",463.72
-94.4,18.1,VER,COTVC,"Observatorio de Coatzacoalcos, Ver.",443.1
-96.374444,19.364722,VER,CRDVC,"Cardel, Ver.",141.03
-95.295833,18.144444,VER,CTTVC,"Cuatotolapan, Ver.",119.22
-96.666389,19.361667,VER,CUMVC,"La Cumbre, Ver.",120.5
-95.970833,19.040833,VER,ELSALADOmar,"El Salado, Ver. SEMAR*",260.1
-96.36,19.405833,VER,ENRVC,"El Naranjillo, Ver.",94.8
-97.399167,20.2575,VER,ESPVC,"El Espinal, Ver.",155.51
-96.158333,19.068889,VER,ETEVC,"El Tejar, Ver.",89.23
-96.9975,18.897778,VER,FORVC,"Fortín, Ver.",234.1
-95.556944,18.270556,VER,GARVC,"Garro, Ver.",227.5
-98.459167,21.773611,VER,HGOVC,"El Higo, Ver.",21.4
-98.2875,21.194444,VER,HLSVC,"Los Hules, Ver.",74
-96.950833,19.181667,VER,HTSVC,"Huatusco, Ver.",369
-98.483333,20.533333,VER,HUYVC,"Huayacocotla, Ver.",289
-96.554167,19.404167,VER,IDOVC,"Idolos, Ver.",67.23
-94.666667,17.95,VER,JALVC,"Jaltipán, Ver.",363.9
-95.033333,17.433333,VER,JCRVC,"Jesús Carranza, Ver.",176
-94.088889,17.873611,VER,JDCVC,"San José del Carmen, Ver.",581.5
-97.021111,19.603611,VER,JOYVC,"La Joya, Ver.",448.21
-95.35,18.25,VER,LAUVC,"Lauchapan, Ver.",221.15
-94.330833,18.109444,VER,LCAVC,"La Cangrejera, Ver.",614.02
-95.118333,18.415833,VER,LDCVC,"Canseco, Ver.",269.5
-97.231944,18.922778,VER,LGRVC,"Loma Grande, Ver.",169
-96.978333,20.051944,VER,LIBVC,"Libertad, Ver.",156.04
-97.236944,18.925278,VER,LOMAGRANDE,"Loma Grande, Ver. SMN*",120.4
-94.916667,17.416667,VER,LPEVC,"Las Perlas, Ver.",112
-97.1,19.65,VER,LVRVC,"Las Vigas de Ramírez, Ver.",429.7
-97.048333,20.0675,VER,MDTVC,"Martínez de la Torre, Ver.",254.5
-98.045,20.8325,VER,MILVC,"Milcahual, Ver.",66.1
-94.771111,18.135278,VER,MNZVC,"Minzapan, Ver.",260.93
-97.097778,20.421944,VER,MRRVC,"El Morro, Ver. PC",65.8
-96.833333,19.933333,VER,MZNVC,"Misantla, Ver.",413.9
-98.503889,21.832222,VER,OLVVC,"El Olivo, Ver.",216.9
-97.1,18.85,VER,ORZVC,"Observatorio de Orizaba, Ver.",383.81
-96.97,19.55,VER,OTIVC,"Otilpan, Ver.",248.1
-96.918056,19.48,VER,PAVVC,"Pacho Viejo, Ver.",360.56
-94.3775,18.103611,VER,PB3VC,"Planta de bombeo 3 de La Cangrejera, Ver.",427.54
-97.814444,21.184444,VER,PEMVC,"El Moralillo, Ver.",134
-96.210833,18.931389,VER,PEPVC,"La Pepehua Protección Civil, Ver.",97.23
-97.268333,19.545,VER,PEROTESMN,"Perote, Ver. SMN*",79.51
-96.979722,19.588611,VER,PILVC,"Piletas, Ver.",373.73
-98.176667,22.06,VER,PNCVC,"Pánuco, Ver.",135.31
-97.316667,20.45,VER,PPNVC,"Papantla, Ver.",145.72
-97.478333,20.540833,VER,PRCVC,"Poza Rica, Ver.",146.2
-98.356667,21.297778,VER,PSNVC,"Platón Sánchez, Ver.",64.7
-96.795278,18.888056,VER,PTNVC,"Potrero Nuevo, Ver.",204.05
-97.809722,20.887222,VER,SBTVC,"Sombrerete, Ver.",67.74
-96.921389,19.578611,VER,SEDVC,"Sedeño, Ver.",244.62
-95.183333,18.45,VER,SIHVC,"Sihuapán, Ver.",207.1
-95.133333,17.883333,VER,SJEVC,"San Juan Evangelista, Ver.",133.43
-97.293056,19.696944,VER,SNTVC,"Santa Ana, Ver. PC",205.56
-95.033333,18.516667,VER,SONVC,"Sontecomapan, Ver.",379
-96.488889,19.338889,VER,TAMVC,"Tamarindo, Ver.",190
-96.966667,19.45,VER,TAPVC,"Tapachapan, Ver.",408.4
-96.356389,18.449167,VER,TBPVC,"Tierra Blanca AC, Ver.",249.7
-96.797778,19.674444,VER,TEPVC,"Tepetlán, Ver.",17
-97.125278,18.579722,VER,TLQVC,"Tlaquilpa, Ver.",206.52
-94.163333,17.571944,VER,TMOVC,"Tierra Morada, Ver.",308
-98.409444,21.499722,VER,TMPVC,"Tempoal, Ver.",76.3
-96.916667,19.811111,VER,TNCVC,"Tenochtitlán, Ver.",197.9
-97.2225,19.921944,VER,TOMVC,"Tomata, Ver.",563.02
-96.950278,19.233611,VER,TOTVC,"Totutla, Ver.",451.24
-98.153056,21.039722,VER,TRRVC,"Terrerillos, Ver.",94.62
-94.930556,18.375833,VER,TUXTLASII,"Los Tuxtlas 2, Ver. SMN*",371.7
-97.4,20.955556,VER,TXPVC,"Observatorio de Tuxpan, Ver.",56.61
-95.416667,18.466667,VER,TZAVC,"Tres Zapotes, Ver.",253.21
-96.111111,19.154167,VER,VERVC,"Observatorio de Veracruz, Ver.",363.41
-96.613889,19.022222,VER,VTEVC,"Villa Tejeda, Ver.",142.41
-96.85,19.55,VER,XCFVC,"Xalapa CFE, Ver.",221.26
-96.903889,19.542222,VER,XCRVC,"Xalapa Cristal, Ver.",192.15
-96.935556,19.547222,VER,XMGVC,"Xalapa Magisterial, Ver.",240.53
-96.916667,19.533333,VER,XOBVC,"Observatorio de Xalapa, Ver.",208.54
-96.871667,19.511667,VER,XOLVC,"Xalapa Olmos PC, Ver.",70.86
-96.915556,19.565833,VER,XREVC,"Xalapa Revolución, Ver.",220.34
-96.894444,19.555833,VER,XSUVC,"Xalapa Sumidero, Ver.",124.69
-96.777778,19.863889,VER,YECVC,"Yecuatla, Ver.",380.5
-97.388889,19.413889,VER,ZALVC,"Zalayeta, Ver.",59.5
-89.681111,20.649444,YUC,ABAYC,"Abalá, Yuc.",194.5
-89.218889,19.883056,YUC,BECYC,"Becanchén, Yuc.",139.52
-89.081667,20.463056,YUC,CANYC,"Cantamayec, Yuc.",255.3
-90.3825,20.858056,YUC,CELYC,"Celestún, Yuc. SMN*",101.2
-89.829444,20.752778,YUC,CHOYC,"Chocholá, Yuc.",143.6
-89.637778,21.030278,YUC,CICYC,"Centro de Investigación Científica, Yuc.",176.85
-89.501111,21.078889,YUC,CONYC,"Conkal, Yuc.",207.58
-87.676667,21.5125,YUC,CYOYC,"El Cuyo, Yuc.",264.2
-89.583611,20.983889,YUC,EZAYC,"Emiliano Zapata, Yuc.",181.2
-89.642778,21.048889,YUC,FIYYC,"Facultad de Ingeniería Universidad Autónoma de Yucatán, Yuc.",136
-89.658056,20.984167,YUC,GARYC,"Organismo de Cuenca Península de Yucatán, Yuc.",240.31
-89.651111,20.946389,YUC,MEOYC,"Observatorio de Mérida, Yuc.",221.95
-89.4375,21.105556,YUC,MOCYC,"Mocochá, Yuc.",130.7
-89.299444,21.102222,YUC,MTOYC,"Motul, Yuc.",243.63
-89.711667,20.493333,YUC,MUNYC,"Muna, Yuc.",265.92
-89.394722,20.290556,YUC,OXKYC,"Oxkutzcab, Yuc.",276.5
-88.930833,20.1325,YUC,PETYC,"Peto, Yuc.",343.02
-89.653889,21.275833,YUC,PROYC,"Observatorio de Progreso, Yuc.",51.1
-89.558056,20.397778,YUC,TICYC,"Ticul, Yuc.",152
-88.1725,21.158611,YUC,TIZYC,"Tizimín, Yuc.",393.1
-88.216667,20.683333,YUC,VALLADOLIDob,"Observatorio de Valladolid, Yuc. SMN*",120.2
-88.204167,20.69,YUC,VALYC,"Observatorio de Valladolid, Yuc.",213.3
-103.459167,21.811389,ZAC,ATGZC,"Atolinga, Zac.",136
-102.733889,23.602222,ZAC,CFPZC,"Cañitas de Felipe Pescador, Zac",19
-102.896111,21.997222,ZAC,CHIZC,"El Chique, Zac.",58.2
-101.389444,24.621389,ZAC,CORZC,"Concepción del Oro, Zac.",75
-103.098333,23.693333,ZAC,ELCZC,"El Cazadero, Zac.",76.32
-102.040833,22.673056,ZAC,ELSZC,"El Saladillo, Zac.",124.53
-103.35,21.645833,ZAC,EXCZC,"Miguel Alemán, Zac.",122.11
-103.093333,21.933333,ZAC,GJAZC,"General Joaquín Amaro, Zac.",141
-102.506667,22.745556,ZAC,GPEZC,"Guadalupe, Zac.",191.32
-103.397778,24.281667,ZAC,JALZC,"Juan Aldama, Zac.",100.2
-102.566944,22.778889,ZAC,LBUZC,"Observatorio de Zacatecas, Zac.",144.2
-103.603056,22.687222,ZAC,LFLZC,"La Florida, Zac.",80.62
-102.660556,22.996944,ZAC,LLBZC,"Llano Blanco, Zac.",84.23
-103.382778,22.845278,ZAC,LOBZC,"Manuel Felgueres, Zac.",61.1
-101.985556,22.264722,ZAC,LORZC,"Loreto, Zac.",198.91
-103.216944,23.18,ZAC,LREZC,"Gobernador Leobardo Reynoso, Zac.",41.24
-103.443056,24.2875,ZAC,MGAZC,"Miguel Auza, Zac.",113.22
-102.845556,21.3575,ZAC,NCTZC,"Nochistlán, Zac.",111.3
-102.798056,22.347778,ZAC,PALZC,"Palomas, Zac.",68.82
-101.399167,22.117778,ZAC,PINZC,"Pino Suárez, Zac.",103.6
-102.903611,21.711111,ZAC,PMOZC,"Los Moraleños, Zac.",139.41
-103.025833,23.816944,ZAC,RGRZC,"Río Grande, Zac.",79.02
-102.8825,24.326111,ZAC,SFOZC,"San Francisco, Zac.",90.41
-103.506111,24.288611,ZAC,SGOZC,"Santiago, Zac.",182.04
-103.636389,23.638889,ZAC,SOMZC,"Observatorio de Sombrerete, Zac.",77.31
-103.495833,22.326667,ZAC,STEZC,"Independencia Nacional, Zac.",25.04
-103.108889,22.923611,ZAC,STRZC,"Santa Rosa, Zac.",75.05
-102.864167,22.120556,ZAC,TAYZC,"Ing. Julián Adame Alatorre, Zac.",57.42
-103.88,23.471944,ZAC,TCHZC,"Chalchihuites, Zac.",48
-103.309444,21.773611,ZAC,TLLZC,"Tlaltenango, Zac.",123.8
-101.917222,22.520278,ZAC,VGOZC,"Villa González Ortega, Zac.",121.42
-101.715833,22.347222,ZAC,VHGZC,"Villa Hidalgo, Zac.",69.01
-103.3375,21.588889,ZAC,VILZC,"José María Morelos, Zac.",125.9
-102.506111,22.746667,ZAC,ZA2ZC,"Zacatecas, Zac. SMN*",125
-102.585556,22.765,ZAC,ZACZC,"Zacatecas, Zac.",125.11
